<?xml version="1.0"?>

<beans
	default-destroy-method="destroy"
	default-init-method="afterPropertiesSet"
	xmlns="http://www.springframework.org/schema/beans"
	xmlns:xsi="http://www.w3.org/2001/XMLSchema-instance"
	xsi:schemaLocation="http://www.springframework.org/schema/beans http://www.springframework.org/schema/beans/spring-beans-3.0.xsd"
>
	<!-- Listener -->
		
		<bean id="messageboard.fresh.post" class="com.jio.central.messagebus.impl.MessageBusFreshPostListnerImpl" />
		<bean id="messageboard.reply.post" class="com.jio.central.messagebus.impl.MessageBusReplyListnerImpl" />
		
		
	<!-- Destinations -->
	
	<bean id="messageboard.fresh.post.destination" class="com.liferay.portal.kernel.messaging.ParallelDestination">
        <property name="name" value="liferay/freshpost" />
    </bean>
	<bean id="messageboard.reply.post.destination" class="com.liferay.portal.kernel.messaging.ParallelDestination">
        <property name="name" value="liferay/replypost" />
    </bean>
	
	

	<!-- Configurator -->
	<bean id="messagingConfigurator" class="com.liferay.portal.kernel.messaging.config.PluginMessagingConfigurator">
	    <property name="messageListeners">
	        <map key-type="java.lang.String" value-type="java.util.List">
	            
	             <entry key="liferay/freshpost">
	                <list value-type="com.liferay.portal.kernel.messaging.MessageListener">
	                    <ref bean="messageboard.fresh.post" />
	                </list>
	            </entry> 
	            <entry key="liferay/replypost">
                    <list value-type="com.liferay.portal.kernel.messaging.MessageListener">
                        <ref bean="messageboard.reply.post" />
                    </list>
                </entry>
                
	        </map>
	    </property>
	    <property name="destinations">
	        <list>
	            <ref bean="messageboard.fresh.post.destination"/>
	            <ref bean="messageboard.reply.post.destination"/>
            </list>
	    </property>
	</bean>
    
</beans>