<?xml version="1.0"?>
<!DOCTYPE hibernate-mapping PUBLIC "-//Hibernate/Hibernate Mapping DTD 3.0//EN" "http://hibernate.sourceforge.net/hibernate-mapping-3.0.dtd">

<hibernate-mapping default-lazy="false" auto-import="false">
	<import class="com.jio.central.services.custom.tables.model.JoinOrganization" />
	<import class="com.jio.central.services.custom.tables.model.MessageUserGroup" />
	<class name="com.jio.central.services.custom.tables.model.impl.JoinOrganizationImpl" table="jiocentral_JoinOrganization">
		<cache usage="read-write" />
		<id name="joinOrganizationId" type="long">
			<generator class="assigned" />
		</id>
		<property name="joinOrganizationName" type="com.liferay.portal.dao.orm.hibernate.StringType" />
		<property name="description" type="com.liferay.portal.dao.orm.hibernate.StringType" />
		<property name="joinOrganizationStatus" type="com.liferay.portal.dao.orm.hibernate.IntegerType" />
		<property name="statusByUserId" type="com.liferay.portal.dao.orm.hibernate.LongType" />
		<property name="statusDate" type="org.hibernate.type.TimestampType" />
		<property name="companyId" type="com.liferay.portal.dao.orm.hibernate.LongType" />
		<property name="groupId" type="com.liferay.portal.dao.orm.hibernate.LongType" />
		<property name="userId" type="com.liferay.portal.dao.orm.hibernate.LongType" />
		<property name="organizaId" type="com.liferay.portal.dao.orm.hibernate.LongType" />
		<property name="createDate" type="org.hibernate.type.TimestampType" />
	</class>
	<class name="com.jio.central.services.custom.tables.model.impl.MessageUserGroupImpl" table="jc_messageusergroup">
		<id name="pid" type="long">
			<generator class="assigned" />
		</id>
		<property name="messageid" type="com.liferay.portal.dao.orm.hibernate.LongType" />
		<property name="isgroup" type="com.liferay.portal.dao.orm.hibernate.BooleanType" />
		<property name="userorgrp_name" type="com.liferay.portal.dao.orm.hibernate.StringType" />
		<property name="userorgrp_id" type="com.liferay.portal.dao.orm.hibernate.LongType" />
		<property name="createdbyuserid" type="com.liferay.portal.dao.orm.hibernate.LongType" />
	</class>
</hibernate-mapping>