<?xml version="1.0"?>

<entity-mappings xmlns="http://java.sun.com/xml/ns/persistence/orm" xmlns:xsi="http://www.w3.org/2001/XMLSchema-instance" version="1.0" xsi:schemaLocation="http://java.sun.com/xml/ns/persistence/orm http://java.sun.com/xml/ns/persistence/orm_1_0.xsd">
	<persistence-unit-metadata>
		<xml-mapping-metadata-complete/>
		<persistence-unit-defaults>
			<access>PROPERTY</access>
		</persistence-unit-defaults>
	</persistence-unit-metadata>
	<mapped-superclass class="com.jio.central.services.custom.tables.model.impl.JoinOrganizationModelImpl">
		<attributes>
			<id name="joinOrganizationId" />
			<basic name="joinOrganizationName" />
			<basic name="description" />
			<basic name="joinOrganizationStatus" />
			<basic name="statusByUserId" />
			<basic name="statusDate">
				<temporal>TIMESTAMP</temporal>
			</basic>
			<basic name="companyId" />
			<basic name="groupId" />
			<basic name="userId" />
			<basic name="organizaId" />
			<basic name="createDate">
				<temporal>TIMESTAMP</temporal>
			</basic>
			<transient name="modelAttributes" />
			<transient name="primaryKey" />
			<transient name="primaryKeyObj" />
			<transient name="statusByUserUuid" />
			<transient name="userUuid" />
		</attributes>
	</mapped-superclass>
	<mapped-superclass class="com.jio.central.services.custom.tables.model.impl.MessageUserGroupModelImpl">
		<attributes>
			<id name="pid" />
			<basic name="messageid" />
			<basic name="isgroup" />
			<basic name="userorgrp_name" />
			<basic name="userorgrp_id" />
			<basic name="createdbyuserid" />
			<transient name="modelAttributes" />
			<transient name="primaryKey" />
			<transient name="primaryKeyObj" />
		</attributes>
	</mapped-superclass>
	<entity class="com.jio.central.services.custom.tables.model.impl.JoinOrganizationImpl" name="JoinOrganization">
		<table name="jiocentral_JoinOrganization" />
		<attributes />
	</entity>
	<entity class="com.jio.central.services.custom.tables.model.impl.MessageUserGroupImpl" name="MessageUserGroup">
		<table name="jc_messageusergroup" />
		<attributes />
	</entity>
</entity-mappings>