<?xml version="1.0"?>

<model-hints>
	<model name="com.jio.central.services.custom.tables.model.JoinOrganization">
		<field name="joinOrganizationId" type="long" />
		<field name="joinOrganizationName" type="String" />
		<field name="description" type="String" />
		<field name="joinOrganizationStatus" type="int" />
		<field name="statusByUserId" type="long" />
		<field name="statusDate" type="Date" />
		<field name="companyId" type="long" />
		<field name="groupId" type="long" />
		<field name="userId" type="long" />
		<field name="organizaId" type="long" />
		<field name="createDate" type="Date" />
	</model>
	<model name="com.jio.central.services.custom.tables.model.MessageUserGroup">
		<field name="pid" type="long" />
		<field name="messageid" type="long" />
		<field name="isgroup" type="boolean" />
		<field name="userorgrp_name" type="String" />
		<field name="userorgrp_id" type="long" />
		<field name="createdbyuserid" type="long" />
	</model>
</model-hints>