<?xml version="1.0"?>

<beans
	default-destroy-method="destroy"
	default-init-method="afterPropertiesSet"
	xmlns="http://www.springframework.org/schema/beans"
	xmlns:xsi="http://www.w3.org/2001/XMLSchema-instance"
	xsi:schemaLocation="http://www.springframework.org/schema/beans http://www.springframework.org/schema/beans/spring-beans-3.0.xsd"
>

	<!-- Bootstrap -->

	<bean id="com.jio.hook.common.util.SamlBootstrap" class="com.jio.hook.common.util.SamlBootstrap" init-method="bootstrap" />

	<!-- Binding -->

	<bean id="com.jio.portlet.saml.binding.HttpPostBinding" class="com.jio.portlet.saml.binding.HttpPostBinding">
		<constructor-arg ref="org.opensaml.xml.parse.ParserPool" />
		<constructor-arg ref="org.apache.velocity.app.VelocityEngine" />
	</bean>

	<bean id="com.jio.portlet.saml.binding.HttpRedirectBinding" class="com.jio.portlet.saml.binding.HttpRedirectBinding">
		<constructor-arg ref="org.opensaml.xml.parse.ParserPool" />
	</bean>
	<bean id="com.jio.portlet.saml.binding.HttpSoap11Binding" class="com.jio.portlet.saml.binding.HttpSoap11Binding">
		<constructor-arg ref="org.opensaml.xml.parse.ParserPool" />
		<constructor-arg ref="org.apache.commons.httpclient.HttpClient" />
	</bean>

	<!-- START SPRING SAML -->
<!--  
	<bean id="com.jio.portlet.saml.binding.HttpPostBinding" class="org.springframework.security.saml.processor.HTTPPostBinding">
        <constructor-arg ref="org.opensaml.xml.parse.ParserPool"/>
        <constructor-arg ref="org.apache.velocity.app.VelocityEngine"/>
    </bean>
    <bean id="com.jio.portlet.saml.binding.HttpRedirectBinding" class="org.springframework.security.saml.processor.HTTPRedirectDeflateBinding">
        <constructor-arg ref="org.opensaml.xml.parse.ParserPool"/>
    </bean>
    
     <bean id="com.jio.portlet.saml.binding.HttpSoap11Binding" class="org.springframework.security.saml.processor.HTTPSOAP11Binding">
        <constructor-arg ref="org.opensaml.xml.parse.ParserPool"/>
    </bean>
    
    -->
    <!-- END SPRING SAML -->
    
    
	<!-- Credential -->

	<bean id="org.opensaml.xml.security.credential.CredentialResolver" class="com.jio.portlet.saml.credential.KeyStoreCredentialResolver" />

	<!-- Metadata -->

	<bean id="com.jio.portlet.saml.metadata.MetadataManager" class="com.jio.portlet.saml.metadata.MetadataManagerImpl" destroy-method="shutdown">
		<property name="credentialResolver" ref="org.opensaml.xml.security.credential.CredentialResolver" />
		<property name="httpClient" ref="org.apache.commons.httpclient.HttpClient" />
		<property name="parserPool" ref="org.opensaml.xml.parse.ParserPool" />
	</bean>
	<bean id="com.jio.portlet.saml.metadata.MetadataManagerUtil" class="com.jio.portlet.saml.metadata.MetadataManagerUtil">
		<property name="metadataManager" ref="com.jio.portlet.saml.metadata.MetadataManager" />
	</bean>

	<!-- Profile -->

	<bean id="com.jio.portlet.saml.profile.SingleLogoutProfile" class="com.jio.portlet.saml.profile.SingleLogoutProfileImpl">
		<property name="identifierGenerator" ref="org.opensaml.common.IdentifierGenerator" />
		<property name="samlBindings">
			<list>
				<ref bean="com.jio.portlet.saml.binding.HttpPostBinding" />
				<ref bean="com.jio.portlet.saml.binding.HttpRedirectBinding" />
				<ref bean="com.jio.portlet.saml.binding.HttpSoap11Binding" />
			</list>
		</property>
	</bean>
	<bean id="com.jio.portlet.saml.profile.SingleLogoutProfileUtil" class="com.jio.portlet.saml.profile.SingleLogoutProfileUtil">
		<property name="singleLogoutProfile" ref="com.jio.portlet.saml.profile.SingleLogoutProfile" />
	</bean>
	<bean id="com.jio.portlet.saml.profile.WebSsoProfile" class="com.jio.portlet.saml.profile.WebSsoProfileImpl">
		<property name="identifierGenerator" ref="org.opensaml.common.IdentifierGenerator" />
		<property name="samlBindings">
			<list>
				<ref bean="com.jio.portlet.saml.binding.HttpPostBinding" />
				<ref bean="com.jio.portlet.saml.binding.HttpRedirectBinding" />
				<ref bean="com.jio.portlet.saml.binding.HttpSoap11Binding" />
			</list>
		</property>
	</bean>
	<bean id="com.jio.portlet.saml.profile.WebSsoProfileUtil" class="com.jio.portlet.saml.profile.WebSsoProfileUtil">
		<property name="webSsoProfile" ref="com.jio.portlet.saml.profile.WebSsoProfile" />
	</bean>

	<!-- Resolver -->

	<bean id="com.jio.portlet.saml.resolver.UserResolver" class="com.jio.portlet.saml.resolver.DefaultUserResolver" />
	<bean id="com.jio.portlet.saml.resolver.UserResolverUtil" class="com.jio.portlet.saml.resolver.UserResolverUtil">
		<property name="userResolver" ref="com.jio.portlet.saml.resolver.UserResolver" />
	</bean>

	<!-- Util -->

	<bean id="com.jio.hook.common.util.MetadataUtil" class="com.jio.hook.common.util.MetadataUtil">
		<property name="httpClient" ref="org.apache.commons.httpclient.HttpClient" />
		<property name="parserPool" ref="org.opensaml.xml.parse.ParserPool" />
	</bean>
	<bean id="org.apache.commons.httpclient.HttpClient" class="org.apache.commons.httpclient.HttpClient">
		<constructor-arg ref="org.apache.commons.httpclient.params.HttpClientParams" />
		<constructor-arg ref="org.apache.commons.httpclient.HttpConnectionManager" />
	</bean>
	<bean id="org.apache.commons.httpclient.HttpConnectionManager" class="org.apache.commons.httpclient.MultiThreadedHttpConnectionManager" destroy-method="shutdownAll" />
	<bean id="org.apache.commons.httpclient.params.HttpClientParams" class="org.apache.commons.httpclient.params.HttpClientParams">
		<property name="connectionManagerTimeout" value="60000" />
		<property name="soTimeout" value="60000" />
	</bean>
	<bean id="org.apache.velocity.app.VelocityEngine" class="com.jio.hook.common.util.VelocityEngineFactory" factory-method="getVelocityEngine" />
	<bean id="org.opensaml.common.IdentifierGenerator" class="com.jio.hook.common.util.SamlIdentifierGenerator" />
	<bean id="org.opensaml.xml.parse.ParserPool" class="org.opensaml.Configuration" factory-method="getParserPool" />
</beans>