<?xml version="1.0"?>
<!DOCTYPE hibernate-mapping PUBLIC "-//Hibernate/Hibernate Mapping DTD 3.0//EN" "http://hibernate.sourceforge.net/hibernate-mapping-3.0.dtd">

<hibernate-mapping default-lazy="false" auto-import="false">
	<import class="com.jio.portlet.saml.model.SamlAuthRequest" />
	<import class="com.jio.portlet.saml.model.SamlIdpConnection" />
	<import class="com.jio.portlet.saml.model.SamlMessage" />
	<import class="com.jio.portlet.saml.model.SamlSession" />
	<class name="com.jio.portlet.saml.model.impl.SamlAuthRequestImpl" table="JIO_SamlAuthRequest">
		<cache usage="read-write" />
		<id name="samlAuthnRequestId" type="long">
			<generator class="assigned" />
		</id>
		<property name="companyId" type="com.liferay.portal.dao.orm.hibernate.LongType" />
		<property name="createDate" type="org.hibernate.type.TimestampType" />
		<property name="entityId" type="com.liferay.portal.dao.orm.hibernate.StringType" />
		<property name="authRequestKey" type="com.liferay.portal.dao.orm.hibernate.StringType" />
	</class>
	<class name="com.jio.portlet.saml.model.impl.SamlIdpConnectionImpl" table="JIO_SamlIdpConnection">
		<cache usage="read-write" />
		<id name="samlIdpConnectionId" type="long">
			<generator class="assigned" />
		</id>
		<property name="companyId" type="com.liferay.portal.dao.orm.hibernate.LongType" />
		<property name="userId" type="com.liferay.portal.dao.orm.hibernate.LongType" />
		<property name="userName" type="com.liferay.portal.dao.orm.hibernate.StringType" />
		<property name="createDate" type="org.hibernate.type.TimestampType" />
		<property name="modifiedDate" type="org.hibernate.type.TimestampType" />
		<property name="samlIdpEntityId" type="com.liferay.portal.dao.orm.hibernate.StringType" />
		<property name="assertionSignatureRequired" type="com.liferay.portal.dao.orm.hibernate.BooleanType" />
		<property name="clockSkew" type="com.liferay.portal.dao.orm.hibernate.LongType" />
		<property name="enabled" type="com.liferay.portal.dao.orm.hibernate.BooleanType" />
		<property name="forceAuthn" type="com.liferay.portal.dao.orm.hibernate.BooleanType" />
		<property name="ldapImportEnabled" type="com.liferay.portal.dao.orm.hibernate.BooleanType" />
		<property name="metadataUrl" type="com.liferay.portal.dao.orm.hibernate.StringType" />
		<property name="metadataXml" type="com.liferay.portal.dao.orm.hibernate.StringType" />
		<property name="metadataUpdatedDate" type="org.hibernate.type.TimestampType" />
		<property name="name" type="com.liferay.portal.dao.orm.hibernate.StringType" />
		<property name="nameIdFormat" type="com.liferay.portal.dao.orm.hibernate.StringType" />
		<property name="signAuthnRequest" type="com.liferay.portal.dao.orm.hibernate.BooleanType" />
		<property name="userAttributeMappings" type="com.liferay.portal.dao.orm.hibernate.StringType" />
	</class>
	<class name="com.jio.portlet.saml.model.impl.SamlMessageImpl" table="JIO_SamlMessage">
		<cache usage="read-write" />
		<id name="samlMessageId" type="long">
			<generator class="assigned" />
		</id>
		<property name="companyId" type="com.liferay.portal.dao.orm.hibernate.LongType" />
		<property name="createDate" type="org.hibernate.type.TimestampType" />
		<property name="entityId" type="com.liferay.portal.dao.orm.hibernate.StringType" />
		<property name="responseKey" type="com.liferay.portal.dao.orm.hibernate.StringType" />
		<property name="expirationDate" type="org.hibernate.type.TimestampType" />
	</class>
	<class name="com.jio.portlet.saml.model.impl.SamlSessionImpl" table="JIO_SamlSession">
		<cache usage="read-write" />
		<id name="sessionId" type="long">
			<generator class="assigned" />
		</id>
		<property name="sessionKey" type="com.liferay.portal.dao.orm.hibernate.StringType" />
		<property name="assertionXml" type="com.liferay.portal.dao.orm.hibernate.StringType" />
		<property name="jSessionId" access="com.liferay.portal.dao.orm.hibernate.CamelCasePropertyAccessor" type="com.liferay.portal.dao.orm.hibernate.StringType" />
		<property name="nameIdFormat" type="com.liferay.portal.dao.orm.hibernate.StringType" />
		<property name="nameIdNameQualifier" type="com.liferay.portal.dao.orm.hibernate.StringType" />
		<property name="nameIdSPNameQualifier" type="com.liferay.portal.dao.orm.hibernate.StringType" />
		<property name="nameIdValue" type="com.liferay.portal.dao.orm.hibernate.StringType" />
		<property name="sessionIndex" type="com.liferay.portal.dao.orm.hibernate.StringType" />
		<property name="terminated" type="com.liferay.portal.dao.orm.hibernate.BooleanType" column="terminated_" />
		<property name="companyId" type="com.liferay.portal.dao.orm.hibernate.LongType" />
		<property name="userId" type="com.liferay.portal.dao.orm.hibernate.LongType" />
		<property name="userName" type="com.liferay.portal.dao.orm.hibernate.StringType" />
		<property name="createDate" type="org.hibernate.type.TimestampType" />
		<property name="modifiedDate" type="org.hibernate.type.TimestampType" />
	</class>
</hibernate-mapping>