<?xml version="1.0"?>

<beans xmlns="http://www.springframework.org/schema/beans" xmlns:xsi="http://www.w3.org/2001/XMLSchema-instance" default-destroy-method="destroy" default-init-method="afterPropertiesSet" xsi:schemaLocation="http://www.springframework.org/schema/beans http://www.springframework.org/schema/beans/spring-beans-3.0.xsd">
	<bean id="com.jio.portlet.saml.service.SamlAuthRequestLocalService" class="com.jio.portlet.saml.service.impl.SamlAuthRequestLocalServiceImpl" />
	<bean id="com.jio.portlet.saml.service.persistence.SamlAuthRequestPersistence" class="com.jio.portlet.saml.service.persistence.SamlAuthRequestPersistenceImpl" parent="basePersistence" />
	<bean id="com.jio.portlet.saml.service.SamlIdpConnectionLocalService" class="com.jio.portlet.saml.service.impl.SamlIdpConnectionLocalServiceImpl" />
	<bean id="com.jio.portlet.saml.service.persistence.SamlIdpConnectionPersistence" class="com.jio.portlet.saml.service.persistence.SamlIdpConnectionPersistenceImpl" parent="basePersistence" />
	<bean id="com.jio.portlet.saml.service.SamlMessageLocalService" class="com.jio.portlet.saml.service.impl.SamlMessageLocalServiceImpl" />
	<bean id="com.jio.portlet.saml.service.persistence.SamlMessagePersistence" class="com.jio.portlet.saml.service.persistence.SamlMessagePersistenceImpl" parent="basePersistence" />
	<bean id="com.jio.portlet.saml.service.SamlSessionLocalService" class="com.jio.portlet.saml.service.impl.SamlSessionLocalServiceImpl" />
	<bean id="com.jio.portlet.saml.service.persistence.SamlSessionPersistence" class="com.jio.portlet.saml.service.persistence.SamlSessionPersistenceImpl" parent="basePersistence" />
</beans>