<?xml version="1.0"?>

<model-hints>
	<hint-collection name="ENTITY-ID">
		<hint name="max-length">1024</hint>
	</hint-collection>
	<model name="com.jio.portlet.saml.model.SamlAuthRequest">
		<field name="samlAuthnRequestId" type="long" />
		<field name="companyId" type="long" />
		<field name="createDate" type="Date" />
		<field name="entityId" type="String">
			<hint-collection name="ENTITY-ID" />
		</field>
		<field name="authRequestKey" type="String" />
	</model>
	<model name="com.jio.portlet.saml.model.SamlIdpConnection">
		<field name="samlIdpConnectionId" type="long" />
		<field name="companyId" type="long" />
		<field name="userId" type="long" />
		<field name="userName" type="String" />
		<field name="createDate" type="Date" />
		<field name="modifiedDate" type="Date" />
		<field name="samlIdpEntityId" type="String">
			<hint-collection name="ENTITY-ID" />
		</field>
		<field name="assertionSignatureRequired" type="boolean" />
		<field name="clockSkew" type="long" />
		<field name="enabled" type="boolean" />
		<field name="forceAuthn" type="boolean" />
		<field name="ldapImportEnabled" type="boolean" />
		<field name="metadataUrl" type="String">
			<hint-collection name="ENTITY-ID" />
		</field>
		<field name="metadataXml" type="String">
			<hint-collection name="CLOB" />
		</field>
		<field name="metadataUpdatedDate" type="Date" />
		<field name="name" type="String" />
		<field name="nameIdFormat" type="String">
			<hint-collection name="ENTITY-ID" />
		</field>
		<field name="signAuthnRequest" type="boolean" />
		<field name="userAttributeMappings" type="String">
			<hint-collection name="TEXTAREA" />
		</field>
	</model>
	<model name="com.jio.portlet.saml.model.SamlMessage">
		<field name="samlMessageId" type="long" />
		<field name="companyId" type="long" />
		<field name="createDate" type="Date" />
		<field name="entityId" type="String">
			<hint-collection name="ENTITY-ID" />
		</field>
		<field name="responseKey" type="String" />
		<field name="expirationDate" type="Date" />
	</model>
	<model name="com.jio.portlet.saml.model.SamlSession">
		<field name="sessionId" type="long" />
		<field name="sessionKey" type="String" />
		<field name="assertionXml" type="String">
			<hint-collection name="CLOB" />
		</field>
		<field name="jSessionId" type="String">
			<hint name="max-length">200</hint>
		</field>
		<field name="nameIdFormat" type="String">
			<hint-collection name="ENTITY-ID" />
		</field>
		<field name="nameIdNameQualifier" type="String">
			<hint-collection name="ENTITY-ID" />
		</field>
		<field name="nameIdSPNameQualifier" type="String">
			<hint-collection name="ENTITY-ID" />
		</field>
		<field name="nameIdValue" type="String">
			<hint-collection name="ENTITY-ID" />
		</field>
		<field name="sessionIndex" type="String" />
		<field name="terminated" type="boolean" />
		<field name="companyId" type="long" />
		<field name="userId" type="long" />
		<field name="userName" type="String" />
		<field name="createDate" type="Date" />
		<field name="modifiedDate" type="Date" />
	</model>
</model-hints>