<?xml version="1.0"?>

<entity-mappings xmlns="http://java.sun.com/xml/ns/persistence/orm" xmlns:xsi="http://www.w3.org/2001/XMLSchema-instance" version="1.0" xsi:schemaLocation="http://java.sun.com/xml/ns/persistence/orm http://java.sun.com/xml/ns/persistence/orm_1_0.xsd">
	<persistence-unit-metadata>
		<xml-mapping-metadata-complete/>
		<persistence-unit-defaults>
			<access>PROPERTY</access>
		</persistence-unit-defaults>
	</persistence-unit-metadata>
	<mapped-superclass class="com.jio.portlet.saml.model.impl.SamlAuthRequestModelImpl">
		<attributes>
			<id name="samlAuthnRequestId" />
			<basic name="companyId" />
			<basic name="createDate">
				<temporal>TIMESTAMP</temporal>
			</basic>
			<basic name="entityId" />
			<basic name="authRequestKey" />
			<transient name="modelAttributes" />
			<transient name="primaryKey" />
			<transient name="primaryKeyObj" />
		</attributes>
	</mapped-superclass>
	<mapped-superclass class="com.jio.portlet.saml.model.impl.SamlIdpConnectionModelImpl">
		<attributes>
			<id name="samlIdpConnectionId" />
			<basic name="companyId" />
			<basic name="userId" />
			<basic name="userName" />
			<basic name="createDate">
				<temporal>TIMESTAMP</temporal>
			</basic>
			<basic name="modifiedDate">
				<temporal>TIMESTAMP</temporal>
			</basic>
			<basic name="samlIdpEntityId" />
			<basic name="assertionSignatureRequired" />
			<basic name="clockSkew" />
			<basic name="enabled" />
			<basic name="forceAuthn" />
			<basic name="ldapImportEnabled" />
			<basic name="metadataUrl" />
			<basic name="metadataXml" />
			<basic name="metadataUpdatedDate">
				<temporal>TIMESTAMP</temporal>
			</basic>
			<basic name="name" />
			<basic name="nameIdFormat" />
			<basic name="signAuthnRequest" />
			<basic name="userAttributeMappings" />
			<transient name="modelAttributes" />
			<transient name="primaryKey" />
			<transient name="primaryKeyObj" />
			<transient name="userUuid" />
		</attributes>
	</mapped-superclass>
	<mapped-superclass class="com.jio.portlet.saml.model.impl.SamlMessageModelImpl">
		<attributes>
			<id name="samlMessageId" />
			<basic name="companyId" />
			<basic name="createDate">
				<temporal>TIMESTAMP</temporal>
			</basic>
			<basic name="entityId" />
			<basic name="responseKey" />
			<basic name="expirationDate">
				<temporal>TIMESTAMP</temporal>
			</basic>
			<transient name="modelAttributes" />
			<transient name="primaryKey" />
			<transient name="primaryKeyObj" />
		</attributes>
	</mapped-superclass>
	<mapped-superclass class="com.jio.portlet.saml.model.impl.SamlSessionModelImpl">
		<attributes>
			<id name="sessionId" />
			<basic name="sessionKey" />
			<basic name="assertionXml" />
			<basic name="jSessionId" />
			<basic name="nameIdFormat" />
			<basic name="nameIdNameQualifier" />
			<basic name="nameIdSPNameQualifier" />
			<basic name="nameIdValue" />
			<basic name="sessionIndex" />
			<basic name="terminated">
				<column name="TERMINATED_" />
			</basic>
			<basic name="companyId" />
			<basic name="userId" />
			<basic name="userName" />
			<basic name="createDate">
				<temporal>TIMESTAMP</temporal>
			</basic>
			<basic name="modifiedDate">
				<temporal>TIMESTAMP</temporal>
			</basic>
			<transient name="JSessionId" />
			<transient name="modelAttributes" />
			<transient name="primaryKey" />
			<transient name="primaryKeyObj" />
			<transient name="userUuid" />
		</attributes>
	</mapped-superclass>
	<entity class="com.jio.portlet.saml.model.impl.SamlAuthRequestImpl" name="SamlAuthRequest">
		<table name="JIO_SamlAuthRequest" />
		<attributes />
	</entity>
	<entity class="com.jio.portlet.saml.model.impl.SamlIdpConnectionImpl" name="SamlIdpConnection">
		<table name="JIO_SamlIdpConnection" />
		<attributes />
	</entity>
	<entity class="com.jio.portlet.saml.model.impl.SamlMessageImpl" name="SamlMessage">
		<table name="JIO_SamlMessage" />
		<attributes />
	</entity>
	<entity class="com.jio.portlet.saml.model.impl.SamlSessionImpl" name="SamlSession">
		<table name="JIO_SamlSession" />
		<attributes />
	</entity>
</entity-mappings>