<?xml version="1.0"?>
<!DOCTYPE hibernate-mapping PUBLIC "-//Hibernate/Hibernate Mapping DTD 3.0//EN" "http://hibernate.sourceforge.net/hibernate-mapping-3.0.dtd">

<hibernate-mapping default-lazy="false" auto-import="false">
	<import class="com.jioc.query.model.Article" />
	<import class="com.jioc.query.model.CASE_RES_MST" />
	<import class="com.jioc.query.model.EMP_DETAILS" />
	<import class="com.jioc.query.model.Emp_User_Mapping" />
	<import class="com.jioc.query.model.OC_CAT_MST" />
	<import class="com.jioc.query.model.OC_JOB_FUNCTION_MST" />
	<import class="com.jioc.query.model.OC_SUB_CAT_MST" />
	<import class="com.jioc.query.model.Query_Add_Param_OC" />
	<import class="com.jioc.query.model.Query_Attachments" />
	<import class="com.jioc.query.model.Query_Details" />
	<import class="com.jioc.query.model.QUERY_MOD_DEFAULTS" />
	<import class="com.jioc.query.model.Query_Resolution" />
	<import class="com.jioc.query.model.Query_Transaction" />
	<import class="com.jioc.query.model.RESOLVER_DEFAULTS" />
	<import class="com.jioc.query.model.RESOLVER_LEVEL_MST" />
	<import class="com.jioc.query.model.Setup" />
	<class name="com.jioc.query.model.impl.ArticleImpl" table="jioc_Article">
		<id name="articleId" type="long">
			<generator class="assigned" />
		</id>
		<property name="title" type="com.liferay.portal.dao.orm.hibernate.StringType" />
		<property name="description" type="com.liferay.portal.dao.orm.hibernate.StringType" />
		<property name="createdBy" type="com.liferay.portal.dao.orm.hibernate.LongType" />
		<property name="createDate" type="org.hibernate.type.TimestampType" />
		<property name="modifiedDate" type="org.hibernate.type.TimestampType" />
	</class>
	<class name="com.jioc.query.model.impl.CASE_RES_MSTImpl" table="jioc_CASE_RES_MST">
		<id name="CASE_RES_ID" type="long">
			<generator class="assigned" />
		</id>
		<property name="CASE_RES_NAME" type="com.liferay.portal.dao.orm.hibernate.StringType" />
		<property name="IS_ACTIVE" type="com.liferay.portal.dao.orm.hibernate.IntegerType" />
		<property name="OC" type="com.liferay.portal.dao.orm.hibernate.StringType" />
		<property name="UPDATED_TIMESTAMP" type="org.hibernate.type.TimestampType" />
	</class>
	<class name="com.jioc.query.model.impl.EMP_DETAILSImpl" table="jioc_EMP_DETAILS">
		<id name="EMP_ID" type="java.lang.String">
			<generator class="assigned" />
		</id>
		<property name="AREA" type="com.liferay.portal.dao.orm.hibernate.StringType" />
		<property name="CADRE" type="com.liferay.portal.dao.orm.hibernate.StringType" />
		<property name="CLIENT_ID" type="com.liferay.portal.dao.orm.hibernate.StringType" />
		<property name="COMPANY_CODE" type="com.liferay.portal.dao.orm.hibernate.StringType" />
		<property name="COMPANY_TEXT" type="com.liferay.portal.dao.orm.hibernate.StringType" />
		<property name="DATE_OF_BIRTH" type="org.hibernate.type.TimestampType" />
		<property name="DATE_OF_JOINING" type="org.hibernate.type.TimestampType" />
		<property name="DATE_OF_LEAVE" type="org.hibernate.type.TimestampType" />
		<property name="DEPARTMENT" type="com.liferay.portal.dao.orm.hibernate.StringType" />
		<property name="DESIGNATION_CODE" type="com.liferay.portal.dao.orm.hibernate.StringType" />
		<property name="DESIGNATION_TEXT" type="com.liferay.portal.dao.orm.hibernate.StringType" />
		<property name="EMAIL" type="com.liferay.portal.dao.orm.hibernate.StringType" />
		<property name="EMP_GROUP" type="com.liferay.portal.dao.orm.hibernate.StringType" />
		<property name="EMPLOYEE_DOMAIN_ID" type="com.liferay.portal.dao.orm.hibernate.StringType" />
		<property name="EMPLOYMENT_STATUS" type="com.liferay.portal.dao.orm.hibernate.StringType" />
		<property name="EMPLOYMENT_STATUS_TEXT" type="com.liferay.portal.dao.orm.hibernate.StringType" />
		<property name="FIRST_NAME" type="com.liferay.portal.dao.orm.hibernate.StringType" />
		<property name="FULL_NAME" type="com.liferay.portal.dao.orm.hibernate.StringType" />
		<property name="GENDER_TEXT" type="com.liferay.portal.dao.orm.hibernate.StringType" />
		<property name="HR_EMAIL" type="com.liferay.portal.dao.orm.hibernate.StringType" />
		<property name="HR_EMP_CD" type="com.liferay.portal.dao.orm.hibernate.StringType" />
		<property name="HR_HEAD_EMPCD" type="com.liferay.portal.dao.orm.hibernate.StringType" />
		<property name="HR_HEAD_NAME" type="com.liferay.portal.dao.orm.hibernate.StringType" />
		<property name="HR_NAME" type="com.liferay.portal.dao.orm.hibernate.StringType" />
		<property name="JIO_CENTER" type="com.liferay.portal.dao.orm.hibernate.StringType" />
		<property name="JIO_ID" type="com.liferay.portal.dao.orm.hibernate.StringType" />
		<property name="JO_REGION" type="com.liferay.portal.dao.orm.hibernate.StringType" />
		<property name="JO_TYPE" type="com.liferay.portal.dao.orm.hibernate.StringType" />
		<property name="JOB" type="com.liferay.portal.dao.orm.hibernate.StringType" />
		<property name="JOB_ROLE_CODE" type="com.liferay.portal.dao.orm.hibernate.StringType" />
		<property name="L1_EMAIL_ID" type="com.liferay.portal.dao.orm.hibernate.StringType" />
		<property name="L1_EMPLOYEE_CODE" type="com.liferay.portal.dao.orm.hibernate.StringType" />
		<property name="L1_NAME" type="com.liferay.portal.dao.orm.hibernate.StringType" />
		<property name="LAST_NAME" type="com.liferay.portal.dao.orm.hibernate.StringType" />
		<property name="LOCATION_CITY" type="com.liferay.portal.dao.orm.hibernate.StringType" />
		<property name="LOCATION_CODE" type="com.liferay.portal.dao.orm.hibernate.StringType" />
		<property name="LOCATION_COUNTRY" type="com.liferay.portal.dao.orm.hibernate.StringType" />
		<property name="LOCATION_STATE" type="com.liferay.portal.dao.orm.hibernate.StringType" />
		<property name="LOCATION_TEXT" type="com.liferay.portal.dao.orm.hibernate.StringType" />
		<property name="MOBILE_NO" type="com.liferay.portal.dao.orm.hibernate.StringType" />
		<property name="OFFICE_NO" type="com.liferay.portal.dao.orm.hibernate.StringType" />
		<property name="ORG_UNIT" type="com.liferay.portal.dao.orm.hibernate.StringType" />
		<property name="ORG_UNIT_TEXT" type="com.liferay.portal.dao.orm.hibernate.StringType" />
		<property name="PERSONNEL_AREA_CODE" type="com.liferay.portal.dao.orm.hibernate.StringType" />
		<property name="R4G_STATE" type="com.liferay.portal.dao.orm.hibernate.StringType" />
		<property name="SAML_FEDERATION_ID" type="com.liferay.portal.dao.orm.hibernate.StringType" />
		<property name="STORE_CODE" type="com.liferay.portal.dao.orm.hibernate.StringType" />
		<property name="SUB_FUNCTIONAL_AREA" type="com.liferay.portal.dao.orm.hibernate.StringType" />
		<property name="TITLE" type="com.liferay.portal.dao.orm.hibernate.StringType" />
		<property name="IS_RESOLVER" type="com.liferay.portal.dao.orm.hibernate.IntegerType" />
		<property name="RESOLVER_LEVEL" type="com.liferay.portal.dao.orm.hibernate.IntegerType" />
		<property name="PERSONAL_AREA_TEXT" type="com.liferay.portal.dao.orm.hibernate.StringType" />
		<property name="FUNCTIONAL_AREA" type="com.liferay.portal.dao.orm.hibernate.StringType" />
		<property name="RESOLVER_STATUS" type="com.liferay.portal.dao.orm.hibernate.IntegerType" />
	</class>
	<class name="com.jioc.query.model.impl.Emp_User_MappingImpl" table="jioc_Emp_User_Mapping">
		<id name="userId" type="long">
			<generator class="assigned" />
		</id>
		<property name="empId" type="com.liferay.portal.dao.orm.hibernate.StringType" />
		<property name="emailId" type="com.liferay.portal.dao.orm.hibernate.StringType" />
		<property name="domainId" type="com.liferay.portal.dao.orm.hibernate.StringType" />
		<property name="samlFederationId" type="com.liferay.portal.dao.orm.hibernate.StringType" />
		<property name="status" type="com.liferay.portal.dao.orm.hibernate.IntegerType" />
	</class>
	<class name="com.jioc.query.model.impl.OC_CAT_MSTImpl" table="jioc_OC_CAT_MST">
		<id name="CAT_ID" type="long">
			<generator class="assigned" />
		</id>
		<property name="CAT_NAME" type="com.liferay.portal.dao.orm.hibernate.StringType" />
		<property name="HPSM_GROUP" type="com.liferay.portal.dao.orm.hibernate.StringType" />
		<property name="IS_ACTIVE" type="com.liferay.portal.dao.orm.hibernate.IntegerType" />
		<property name="OC" type="com.liferay.portal.dao.orm.hibernate.StringType" />
		<property name="RESOLVER_LEVEL" type="com.liferay.portal.dao.orm.hibernate.IntegerType" />
		<property name="UPDATED_TIMESTAMP" type="org.hibernate.type.TimestampType" />
	</class>
	<class name="com.jioc.query.model.impl.OC_JOB_FUNCTION_MSTImpl" table="jioc_OC_JOB_FUNCTION_MST">
		<id name="OC_JOB_FUNCTION_ID" type="long">
			<generator class="assigned" />
		</id>
		<property name="FUNCTIONAL_AREA" type="com.liferay.portal.dao.orm.hibernate.StringType" />
		<property name="JOB" type="com.liferay.portal.dao.orm.hibernate.StringType" />
		<property name="OC" type="com.liferay.portal.dao.orm.hibernate.StringType" />
		<property name="SUB_FUNCTIONAL_AREA" type="com.liferay.portal.dao.orm.hibernate.StringType" />
	</class>
	<class name="com.jioc.query.model.impl.OC_SUB_CAT_MSTImpl" table="jioc_OC_SUB_CAT_MST">
		<id name="SUB_CAT_ID" type="long">
			<generator class="assigned" />
		</id>
		<property name="CAT_ID" type="com.liferay.portal.dao.orm.hibernate.LongType" />
		<property name="IS_ACTIVE" type="com.liferay.portal.dao.orm.hibernate.IntegerType" />
		<property name="SUB_CAT_NAME" type="com.liferay.portal.dao.orm.hibernate.StringType" />
		<property name="UPDATED_TIMESTAMP" type="org.hibernate.type.TimestampType" />
	</class>
	<class name="com.jioc.query.model.impl.Query_Add_Param_OCImpl" table="jioc_Query_Add_Param_OC">
		<cache usage="read-write" />
		<id name="queryAddParamOCId" type="long">
			<generator class="assigned" />
		</id>
		<property name="OC" type="com.liferay.portal.dao.orm.hibernate.StringType" />
		<property name="status" type="com.liferay.portal.dao.orm.hibernate.IntegerType" />
		<property name="updatedTimestamp" type="org.hibernate.type.TimestampType" />
	</class>
	<class name="com.jioc.query.model.impl.Query_AttachmentsImpl" table="jioc_Query_Attachments">
		<id name="AttachmentId" type="long">
			<generator class="assigned" />
		</id>
		<property name="fileEntryId" type="com.liferay.portal.dao.orm.hibernate.LongType" />
		<property name="updatedBy" type="com.liferay.portal.dao.orm.hibernate.LongType" />
		<property name="updatedTimestamp" type="org.hibernate.type.TimestampType" />
		<property name="queryId" type="com.liferay.portal.dao.orm.hibernate.LongType" />
		<property name="file_name" type="com.liferay.portal.dao.orm.hibernate.StringType" />
	</class>
	<class name="com.jioc.query.model.impl.Query_DetailsImpl" table="jioc_Query_Details">
		<id name="queryDetailsId" type="long">
			<generator class="assigned" />
		</id>
		<property name="queryId" type="com.liferay.portal.dao.orm.hibernate.LongType" />
		<property name="updatedTimestamp" type="org.hibernate.type.TimestampType" />
		<property name="updatedBy" type="com.liferay.portal.dao.orm.hibernate.LongType" />
		<property name="assignedTo" type="com.liferay.portal.dao.orm.hibernate.LongType" />
		<property name="action" type="com.liferay.portal.dao.orm.hibernate.StringType" />
		<property name="status" type="com.liferay.portal.dao.orm.hibernate.StringType" />
		<property name="state" type="com.liferay.portal.dao.orm.hibernate.StringType" column="state_" />
		<property name="region" type="com.liferay.portal.dao.orm.hibernate.StringType" />
		<property name="oc" type="com.liferay.portal.dao.orm.hibernate.StringType" />
		<property name="queueLevel" type="com.liferay.portal.dao.orm.hibernate.IntegerType" />
		<property name="comment" type="com.liferay.portal.dao.orm.hibernate.StringType" column="comment_" />
		<property name="category" type="com.liferay.portal.dao.orm.hibernate.LongType" />
		<property name="subCategory" type="com.liferay.portal.dao.orm.hibernate.LongType" />
		<property name="caseResolution" type="com.liferay.portal.dao.orm.hibernate.LongType" />
		<property name="is_closed" type="com.liferay.portal.dao.orm.hibernate.IntegerType" />
		<property name="closed_date" type="org.hibernate.type.TimestampType" />
	</class>
	<class name="com.jioc.query.model.impl.QUERY_MOD_DEFAULTSImpl" table="jioc_QUERY_MOD_DEFAULTS">
		<id name="QUERY_MOD_DEFAULTS_ID" type="int">
			<generator class="assigned" />
		</id>
		<property name="CURR_VAL" type="com.liferay.portal.dao.orm.hibernate.StringType" />
		<property name="NEW_VAL" type="com.liferay.portal.dao.orm.hibernate.StringType" />
		<property name="IS_ACTIVE" type="com.liferay.portal.dao.orm.hibernate.IntegerType" />
		<property name="UPDATED_TIMESTAMP" type="org.hibernate.type.TimestampType" />
		<property name="TYPE" type="com.liferay.portal.dao.orm.hibernate.StringType" />
		<property name="CURR_LEVEL" type="com.liferay.portal.dao.orm.hibernate.IntegerType" />
	</class>
	<class name="com.jioc.query.model.impl.Query_TransactionImpl" table="jioc_Query_Transaction">
		<id name="queryId" type="long">
			<generator class="assigned" />
		</id>
		<property name="caseNo" type="com.liferay.portal.dao.orm.hibernate.StringType" />
		<property name="description" type="com.liferay.portal.dao.orm.hibernate.StringType" />
		<property name="raisedTimestamp" type="org.hibernate.type.TimestampType" />
		<property name="raisedById" type="com.liferay.portal.dao.orm.hibernate.LongType" />
		<property name="toDisplay" type="com.liferay.portal.dao.orm.hibernate.IntegerType" />
		<property name="orn_no" type="com.liferay.portal.dao.orm.hibernate.StringType" />
		<property name="caf_no" type="com.liferay.portal.dao.orm.hibernate.StringType" />
		<property name="customer_MSISDN" type="com.liferay.portal.dao.orm.hibernate.StringType" />
		<property name="amt_request" type="com.liferay.portal.dao.orm.hibernate.LongType" />
		<property name="amt_done" type="com.liferay.portal.dao.orm.hibernate.LongType" />
		<property name="raised_by_email" type="com.liferay.portal.dao.orm.hibernate.StringType" />
		<property name="pcId" type="com.liferay.portal.dao.orm.hibernate.StringType" />
		<property name="ack" type="com.liferay.portal.dao.orm.hibernate.IntegerType" />
		<property name="source" type="com.liferay.portal.dao.orm.hibernate.StringType" />
		<property name="ack_timestamp" type="org.hibernate.type.TimestampType" />
		<property name="assignment_group" type="com.liferay.portal.dao.orm.hibernate.StringType" />
		<property name="ISACTIVE" type="com.liferay.portal.dao.orm.hibernate.IntegerType" />
	</class>
	<class name="com.jioc.query.model.impl.RESOLVER_DEFAULTSImpl" table="jioc_RESOLVER_DEFAULTS">
		<id name="DEFAULT_ID" type="long">
			<generator class="assigned" />
		</id>
		<property name="RESOLVER_LEVEL_ID" type="com.liferay.portal.dao.orm.hibernate.LongType" />
		<property name="TYPE" type="com.liferay.portal.dao.orm.hibernate.StringType" />
		<property name="VALUE" type="com.liferay.portal.dao.orm.hibernate.StringType" />
		<property name="TO_DISPLAY" type="com.liferay.portal.dao.orm.hibernate.IntegerType" />
	</class>
	<class name="com.jioc.query.model.impl.RESOLVER_LEVEL_MSTImpl" table="jioc_RESOLVER_LEVEL_MST">
		<id name="LEVEL_ID" type="long">
			<generator class="assigned" />
		</id>
		<property name="LEVEL_NAME" type="com.liferay.portal.dao.orm.hibernate.StringType" />
		<property name="RESOLVER_LEVEL" type="com.liferay.portal.dao.orm.hibernate.IntegerType" />
	</class>
	<class name="com.jioc.query.model.impl.SetupImpl" table="jioc_Setup">
		<id name="setup_id" type="long">
			<generator class="assigned" />
		</id>
		<property name="key" type="com.liferay.portal.dao.orm.hibernate.StringType" column="key_" />
		<property name="val1" type="com.liferay.portal.dao.orm.hibernate.StringType" />
		<property name="val2" type="com.liferay.portal.dao.orm.hibernate.StringType" />
		<property name="status" type="com.liferay.portal.dao.orm.hibernate.IntegerType" />
		<property name="updated_timestamp" type="org.hibernate.type.TimestampType" />
	</class>
</hibernate-mapping>