<?xml version="1.0"?>

<entity-mappings xmlns="http://java.sun.com/xml/ns/persistence/orm" xmlns:xsi="http://www.w3.org/2001/XMLSchema-instance" version="1.0" xsi:schemaLocation="http://java.sun.com/xml/ns/persistence/orm http://java.sun.com/xml/ns/persistence/orm_1_0.xsd">
	<persistence-unit-metadata>
		<xml-mapping-metadata-complete/>
		<persistence-unit-defaults>
			<access>PROPERTY</access>
		</persistence-unit-defaults>
	</persistence-unit-metadata>
	<mapped-superclass class="com.jioc.query.model.impl.ArticleModelImpl">
		<attributes>
			<id name="articleId" />
			<basic name="title" />
			<basic name="description" />
			<basic name="createdBy" />
			<basic name="createDate">
				<temporal>TIMESTAMP</temporal>
			</basic>
			<basic name="modifiedDate">
				<temporal>TIMESTAMP</temporal>
			</basic>
			<transient name="modelAttributes" />
			<transient name="primaryKey" />
			<transient name="primaryKeyObj" />
		</attributes>
	</mapped-superclass>
	<mapped-superclass class="com.jioc.query.model.impl.CASE_RES_MSTModelImpl">
		<attributes>
			<id name="CASE_RES_ID" />
			<basic name="CASE_RES_NAME" />
			<basic name="IS_ACTIVE" />
			<basic name="OC" />
			<basic name="UPDATED_TIMESTAMP">
				<temporal>TIMESTAMP</temporal>
			</basic>
			<transient name="modelAttributes" />
			<transient name="primaryKey" />
			<transient name="primaryKeyObj" />
		</attributes>
	</mapped-superclass>
	<mapped-superclass class="com.jioc.query.model.impl.EMP_DETAILSModelImpl">
		<attributes>
			<id name="EMP_ID" />
			<basic name="AREA" />
			<basic name="CADRE" />
			<basic name="CLIENT_ID" />
			<basic name="COMPANY_CODE" />
			<basic name="COMPANY_TEXT" />
			<basic name="DATE_OF_BIRTH">
				<temporal>TIMESTAMP</temporal>
			</basic>
			<basic name="DATE_OF_JOINING">
				<temporal>TIMESTAMP</temporal>
			</basic>
			<basic name="DATE_OF_LEAVE">
				<temporal>TIMESTAMP</temporal>
			</basic>
			<basic name="DEPARTMENT" />
			<basic name="DESIGNATION_CODE" />
			<basic name="DESIGNATION_TEXT" />
			<basic name="EMAIL" />
			<basic name="EMP_GROUP" />
			<basic name="EMPLOYEE_DOMAIN_ID" />
			<basic name="EMPLOYMENT_STATUS" />
			<basic name="EMPLOYMENT_STATUS_TEXT" />
			<basic name="FIRST_NAME" />
			<basic name="FULL_NAME" />
			<basic name="GENDER_TEXT" />
			<basic name="HR_EMAIL" />
			<basic name="HR_EMP_CD" />
			<basic name="HR_HEAD_EMPCD" />
			<basic name="HR_HEAD_NAME" />
			<basic name="HR_NAME" />
			<basic name="JIO_CENTER" />
			<basic name="JIO_ID" />
			<basic name="JO_REGION" />
			<basic name="JO_TYPE" />
			<basic name="JOB" />
			<basic name="JOB_ROLE_CODE" />
			<basic name="L1_EMAIL_ID" />
			<basic name="L1_EMPLOYEE_CODE" />
			<basic name="L1_NAME" />
			<basic name="LAST_NAME" />
			<basic name="LOCATION_CITY" />
			<basic name="LOCATION_CODE" />
			<basic name="LOCATION_COUNTRY" />
			<basic name="LOCATION_STATE" />
			<basic name="LOCATION_TEXT" />
			<basic name="MOBILE_NO" />
			<basic name="OFFICE_NO" />
			<basic name="ORG_UNIT" />
			<basic name="ORG_UNIT_TEXT" />
			<basic name="PERSONNEL_AREA_CODE" />
			<basic name="R4G_STATE" />
			<basic name="SAML_FEDERATION_ID" />
			<basic name="STORE_CODE" />
			<basic name="SUB_FUNCTIONAL_AREA" />
			<basic name="TITLE" />
			<basic name="IS_RESOLVER" />
			<basic name="RESOLVER_LEVEL" />
			<basic name="PERSONAL_AREA_TEXT" />
			<basic name="FUNCTIONAL_AREA" />
			<basic name="RESOLVER_STATUS" />
			<transient name="modelAttributes" />
			<transient name="primaryKey" />
			<transient name="primaryKeyObj" />
		</attributes>
	</mapped-superclass>
	<mapped-superclass class="com.jioc.query.model.impl.Emp_User_MappingModelImpl">
		<attributes>
			<id name="userId" />
			<basic name="empId" />
			<basic name="emailId" />
			<basic name="domainId" />
			<basic name="samlFederationId" />
			<basic name="status" />
			<transient name="modelAttributes" />
			<transient name="primaryKey" />
			<transient name="primaryKeyObj" />
			<transient name="userUuid" />
		</attributes>
	</mapped-superclass>
	<mapped-superclass class="com.jioc.query.model.impl.OC_CAT_MSTModelImpl">
		<attributes>
			<id name="CAT_ID" />
			<basic name="CAT_NAME" />
			<basic name="HPSM_GROUP" />
			<basic name="IS_ACTIVE" />
			<basic name="OC" />
			<basic name="RESOLVER_LEVEL" />
			<basic name="UPDATED_TIMESTAMP">
				<temporal>TIMESTAMP</temporal>
			</basic>
			<transient name="modelAttributes" />
			<transient name="primaryKey" />
			<transient name="primaryKeyObj" />
		</attributes>
	</mapped-superclass>
	<mapped-superclass class="com.jioc.query.model.impl.OC_JOB_FUNCTION_MSTModelImpl">
		<attributes>
			<id name="OC_JOB_FUNCTION_ID" />
			<basic name="FUNCTIONAL_AREA" />
			<basic name="JOB" />
			<basic name="OC" />
			<basic name="SUB_FUNCTIONAL_AREA" />
			<transient name="modelAttributes" />
			<transient name="primaryKey" />
			<transient name="primaryKeyObj" />
		</attributes>
	</mapped-superclass>
	<mapped-superclass class="com.jioc.query.model.impl.OC_SUB_CAT_MSTModelImpl">
		<attributes>
			<id name="SUB_CAT_ID" />
			<basic name="CAT_ID" />
			<basic name="IS_ACTIVE" />
			<basic name="SUB_CAT_NAME" />
			<basic name="UPDATED_TIMESTAMP">
				<temporal>TIMESTAMP</temporal>
			</basic>
			<transient name="modelAttributes" />
			<transient name="primaryKey" />
			<transient name="primaryKeyObj" />
		</attributes>
	</mapped-superclass>
	<mapped-superclass class="com.jioc.query.model.impl.Query_Add_Param_OCModelImpl">
		<attributes>
			<id name="queryAddParamOCId" />
			<basic name="OC" />
			<basic name="status" />
			<basic name="updatedTimestamp">
				<temporal>TIMESTAMP</temporal>
			</basic>
			<transient name="modelAttributes" />
			<transient name="primaryKey" />
			<transient name="primaryKeyObj" />
		</attributes>
	</mapped-superclass>
	<mapped-superclass class="com.jioc.query.model.impl.Query_AttachmentsModelImpl">
		<attributes>
			<id name="AttachmentId" />
			<basic name="fileEntryId" />
			<basic name="updatedBy" />
			<basic name="updatedTimestamp">
				<temporal>TIMESTAMP</temporal>
			</basic>
			<basic name="queryId" />
			<basic name="file_name" />
			<transient name="modelAttributes" />
			<transient name="primaryKey" />
			<transient name="primaryKeyObj" />
		</attributes>
	</mapped-superclass>
	<mapped-superclass class="com.jioc.query.model.impl.Query_DetailsModelImpl">
		<attributes>
			<id name="queryDetailsId" />
			<basic name="queryId" />
			<basic name="updatedTimestamp">
				<temporal>TIMESTAMP</temporal>
			</basic>
			<basic name="updatedBy" />
			<basic name="assignedTo" />
			<basic name="action" />
			<basic name="status" />
			<basic name="state">
				<column name="STATE_" />
			</basic>
			<basic name="region" />
			<basic name="oc" />
			<basic name="queueLevel" />
			<basic name="comment">
				<column name="COMMENT_" />
			</basic>
			<basic name="category" />
			<basic name="subCategory" />
			<basic name="caseResolution" />
			<basic name="is_closed" />
			<basic name="closed_date">
				<temporal>TIMESTAMP</temporal>
			</basic>
			<transient name="modelAttributes" />
			<transient name="primaryKey" />
			<transient name="primaryKeyObj" />
		</attributes>
	</mapped-superclass>
	<mapped-superclass class="com.jioc.query.model.impl.QUERY_MOD_DEFAULTSModelImpl">
		<attributes>
			<id name="QUERY_MOD_DEFAULTS_ID" />
			<basic name="CURR_VAL" />
			<basic name="NEW_VAL" />
			<basic name="IS_ACTIVE" />
			<basic name="UPDATED_TIMESTAMP">
				<temporal>TIMESTAMP</temporal>
			</basic>
			<basic name="TYPE" />
			<basic name="CURR_LEVEL" />
			<transient name="modelAttributes" />
			<transient name="primaryKey" />
			<transient name="primaryKeyObj" />
		</attributes>
	</mapped-superclass>
	<mapped-superclass class="com.jioc.query.model.impl.Query_TransactionModelImpl">
		<attributes>
			<id name="queryId" />
			<basic name="caseNo" />
			<basic name="description" />
			<basic name="raisedTimestamp">
				<temporal>TIMESTAMP</temporal>
			</basic>
			<basic name="raisedById" />
			<basic name="toDisplay" />
			<basic name="orn_no" />
			<basic name="caf_no" />
			<basic name="customer_MSISDN" />
			<basic name="amt_request" />
			<basic name="amt_done" />
			<basic name="raised_by_email" />
			<basic name="pcId" />
			<basic name="ack" />
			<basic name="source" />
			<basic name="ack_timestamp">
				<temporal>TIMESTAMP</temporal>
			</basic>
			<basic name="assignment_group" />
			<basic name="ISACTIVE" />
			<transient name="modelAttributes" />
			<transient name="primaryKey" />
			<transient name="primaryKeyObj" />
		</attributes>
	</mapped-superclass>
	<mapped-superclass class="com.jioc.query.model.impl.RESOLVER_DEFAULTSModelImpl">
		<attributes>
			<id name="DEFAULT_ID" />
			<basic name="RESOLVER_LEVEL_ID" />
			<basic name="TYPE" />
			<basic name="VALUE" />
			<basic name="TO_DISPLAY" />
			<transient name="modelAttributes" />
			<transient name="primaryKey" />
			<transient name="primaryKeyObj" />
		</attributes>
	</mapped-superclass>
	<mapped-superclass class="com.jioc.query.model.impl.RESOLVER_LEVEL_MSTModelImpl">
		<attributes>
			<id name="LEVEL_ID" />
			<basic name="LEVEL_NAME" />
			<basic name="RESOLVER_LEVEL" />
			<transient name="modelAttributes" />
			<transient name="primaryKey" />
			<transient name="primaryKeyObj" />
		</attributes>
	</mapped-superclass>
	<mapped-superclass class="com.jioc.query.model.impl.SetupModelImpl">
		<attributes>
			<id name="setup_id" />
			<basic name="key">
				<column name="KEY_" />
			</basic>
			<basic name="val1" />
			<basic name="val2" />
			<basic name="status" />
			<basic name="updated_timestamp">
				<temporal>TIMESTAMP</temporal>
			</basic>
			<transient name="modelAttributes" />
			<transient name="primaryKey" />
			<transient name="primaryKeyObj" />
		</attributes>
	</mapped-superclass>
	<entity class="com.jioc.query.model.impl.ArticleImpl" name="Article">
		<table name="jioc_Article" />
		<attributes />
	</entity>
	<entity class="com.jioc.query.model.impl.CASE_RES_MSTImpl" name="CASE_RES_MST">
		<table name="jioc_CASE_RES_MST" />
		<attributes />
	</entity>
	<entity class="com.jioc.query.model.impl.EMP_DETAILSImpl" name="EMP_DETAILS">
		<table name="jioc_EMP_DETAILS" />
		<attributes>
			<transient name="userId" />
			<transient name="userName" />
		</attributes>
	</entity>
	<entity class="com.jioc.query.model.impl.Emp_User_MappingImpl" name="Emp_User_Mapping">
		<table name="jioc_Emp_User_Mapping" />
		<attributes />
	</entity>
	<entity class="com.jioc.query.model.impl.OC_CAT_MSTImpl" name="OC_CAT_MST">
		<table name="jioc_OC_CAT_MST" />
		<attributes />
	</entity>
	<entity class="com.jioc.query.model.impl.OC_JOB_FUNCTION_MSTImpl" name="OC_JOB_FUNCTION_MST">
		<table name="jioc_OC_JOB_FUNCTION_MST" />
		<attributes />
	</entity>
	<entity class="com.jioc.query.model.impl.OC_SUB_CAT_MSTImpl" name="OC_SUB_CAT_MST">
		<table name="jioc_OC_SUB_CAT_MST" />
		<attributes />
	</entity>
	<entity class="com.jioc.query.model.impl.Query_Add_Param_OCImpl" name="Query_Add_Param_OC">
		<table name="jioc_Query_Add_Param_OC" />
		<attributes />
	</entity>
	<entity class="com.jioc.query.model.impl.Query_AttachmentsImpl" name="Query_Attachments">
		<table name="jioc_Query_Attachments" />
		<attributes />
	</entity>
	<entity class="com.jioc.query.model.impl.Query_DetailsImpl" name="Query_Details">
		<table name="jioc_Query_Details" />
		<attributes />
	</entity>
	<entity class="com.jioc.query.model.impl.QUERY_MOD_DEFAULTSImpl" name="QUERY_MOD_DEFAULTS">
		<table name="jioc_QUERY_MOD_DEFAULTS" />
		<attributes />
	</entity>
	<entity class="com.jioc.query.model.impl.Query_TransactionImpl" name="Query_Transaction">
		<table name="jioc_Query_Transaction" />
		<attributes />
	</entity>
	<entity class="com.jioc.query.model.impl.RESOLVER_DEFAULTSImpl" name="RESOLVER_DEFAULTS">
		<table name="jioc_RESOLVER_DEFAULTS" />
		<attributes />
	</entity>
	<entity class="com.jioc.query.model.impl.RESOLVER_LEVEL_MSTImpl" name="RESOLVER_LEVEL_MST">
		<table name="jioc_RESOLVER_LEVEL_MST" />
		<attributes />
	</entity>
	<entity class="com.jioc.query.model.impl.SetupImpl" name="Setup">
		<table name="jioc_Setup" />
		<attributes />
	</entity>
</entity-mappings>