<?xml version="1.0"?>

<model-hints>
	<model name="com.jioc.query.model.Article">
		<field name="articleId" type="long" />
		<field name="title" type="String" />
		<field name="description" type="String" />
		<field name="createdBy" type="long" />
		<field name="createDate" type="Date" />
		<field name="modifiedDate" type="Date" />
	</model>
	<model name="com.jioc.query.model.CASE_RES_MST">
		<field name="CASE_RES_ID" type="long" />
		<field name="CASE_RES_NAME" type="String" />
		<field name="IS_ACTIVE" type="int" />
		<field name="OC" type="String" />
		<field name="UPDATED_TIMESTAMP" type="Date" />
	</model>
	<model name="com.jioc.query.model.EMP_DETAILS">
		<field name="EMP_ID" type="String">
			<hint name="max-length">10</hint>
		</field>
		<field name="AREA" type="String">
			<hint name="max-length">80</hint>
		</field>
		<field name="CADRE" type="String">
			<hint name="max-length">10</hint>
		</field>
		<field name="CLIENT_ID" type="String">
			<hint name="max-length">5</hint>
		</field>
		<field name="COMPANY_CODE" type="String">
			<hint name="max-length">10</hint>
		</field>
		<field name="COMPANY_TEXT" type="String">
			<hint name="max-length">100</hint>
		</field>
		<field name="DATE_OF_BIRTH" type="Date" />
		<field name="DATE_OF_JOINING" type="Date" />
		<field name="DATE_OF_LEAVE" type="Date" />
		<field name="DEPARTMENT" type="String">
			<hint name="max-length">255</hint>
		</field>
		<field name="DESIGNATION_CODE" type="String">
			<hint name="max-length">10</hint>
		</field>
		<field name="DESIGNATION_TEXT" type="String">
			<hint name="max-length">100</hint>
		</field>
		<field name="EMAIL" type="String">
			<hint name="max-length">200</hint>
		</field>
		<field name="EMP_GROUP" type="String">
			<hint name="max-length">10</hint>
		</field>
		<field name="EMPLOYEE_DOMAIN_ID" type="String">
			<hint name="max-length">200</hint>
		</field>
		<field name="EMPLOYMENT_STATUS" type="String">
			<hint name="max-length">5</hint>
		</field>
		<field name="EMPLOYMENT_STATUS_TEXT" type="String">
			<hint name="max-length">30</hint>
		</field>
		<field name="FIRST_NAME" type="String">
			<hint name="max-length">80</hint>
		</field>
		<field name="FULL_NAME" type="String">
			<hint name="max-length">170</hint>
		</field>
		<field name="GENDER_TEXT" type="String">
			<hint name="max-length">10</hint>
		</field>
		<field name="HR_EMAIL" type="String">
			<hint name="max-length">200</hint>
		</field>
		<field name="HR_EMP_CD" type="String">
			<hint name="max-length">10</hint>
		</field>
		<field name="HR_HEAD_EMPCD" type="String">
			<hint name="max-length">10</hint>
		</field>
		<field name="HR_HEAD_NAME" type="String">
			<hint name="max-length">200</hint>
		</field>
		<field name="HR_NAME" type="String">
			<hint name="max-length">200</hint>
		</field>
		<field name="JIO_CENTER" type="String">
			<hint name="max-length">80</hint>
		</field>
		<field name="JIO_ID" type="String">
			<hint name="max-length">20</hint>
		</field>
		<field name="JO_REGION" type="String">
			<hint name="max-length">255</hint>
		</field>
		<field name="JO_TYPE" type="String">
			<hint name="max-length">80</hint>
		</field>
		<field name="JOB" type="String">
			<hint name="max-length">100</hint>
		</field>
		<field name="JOB_ROLE_CODE" type="String">
			<hint name="max-length">20</hint>
		</field>
		<field name="L1_EMAIL_ID" type="String">
			<hint name="max-length">200</hint>
		</field>
		<field name="L1_EMPLOYEE_CODE" type="String">
			<hint name="max-length">10</hint>
		</field>
		<field name="L1_NAME" type="String">
			<hint name="max-length">200</hint>
		</field>
		<field name="LAST_NAME" type="String">
			<hint name="max-length">80</hint>
		</field>
		<field name="LOCATION_CITY" type="String">
			<hint name="max-length">100</hint>
		</field>
		<field name="LOCATION_CODE" type="String">
			<hint name="max-length">10</hint>
		</field>
		<field name="LOCATION_COUNTRY" type="String">
			<hint name="max-length">100</hint>
		</field>
		<field name="LOCATION_STATE" type="String">
			<hint name="max-length">100</hint>
		</field>
		<field name="LOCATION_TEXT" type="String">
			<hint name="max-length">100</hint>
		</field>
		<field name="MOBILE_NO" type="String">
			<hint name="max-length">80</hint>
		</field>
		<field name="OFFICE_NO" type="String">
			<hint name="max-length">80</hint>
		</field>
		<field name="ORG_UNIT" type="String">
			<hint name="max-length">20</hint>
		</field>
		<field name="ORG_UNIT_TEXT" type="String">
			<hint name="max-length">150</hint>
		</field>
		<field name="PERSONNEL_AREA_CODE" type="String">
			<hint name="max-length">15</hint>
		</field>
		<field name="R4G_STATE" type="String">
			<hint name="max-length">80</hint>
		</field>
		<field name="SAML_FEDERATION_ID" type="String">
			<hint name="max-length">255</hint>
		</field>
		<field name="STORE_CODE" type="String">
			<hint name="max-length">255</hint>
		</field>
		<field name="SUB_FUNCTIONAL_AREA" type="String">
			<hint name="max-length">150</hint>
		</field>
		<field name="TITLE" type="String">
			<hint name="max-length">15</hint>
		</field>
		<field name="IS_RESOLVER" type="int" />
		<field name="RESOLVER_LEVEL" type="int" />
		<field name="PERSONAL_AREA_TEXT" type="String">
			<hint name="max-length">80</hint>
		</field>
		<field name="FUNCTIONAL_AREA" type="String">
			<hint name="max-length">80</hint>
		</field>
		<field name="RESOLVER_STATUS" type="int" />
	</model>
	<model name="com.jioc.query.model.Emp_User_Mapping">
		<field name="userId" type="long" />
		<field name="empId" type="String" />
		<field name="emailId" type="String" />
		<field name="domainId" type="String" />
		<field name="samlFederationId" type="String" />
		<field name="status" type="int" />
	</model>
	<model name="com.jioc.query.model.OC_CAT_MST">
		<field name="CAT_ID" type="long" />
		<field name="CAT_NAME" type="String" />
		<field name="HPSM_GROUP" type="String" />
		<field name="IS_ACTIVE" type="int" />
		<field name="OC" type="String" />
		<field name="RESOLVER_LEVEL" type="int" />
		<field name="UPDATED_TIMESTAMP" type="Date" />
	</model>
	<model name="com.jioc.query.model.OC_JOB_FUNCTION_MST">
		<field name="OC_JOB_FUNCTION_ID" type="long" />
		<field name="FUNCTIONAL_AREA" type="String" />
		<field name="JOB" type="String" />
		<field name="OC" type="String" />
		<field name="SUB_FUNCTIONAL_AREA" type="String" />
	</model>
	<model name="com.jioc.query.model.OC_SUB_CAT_MST">
		<field name="SUB_CAT_ID" type="long" />
		<field name="CAT_ID" type="long" />
		<field name="IS_ACTIVE" type="int" />
		<field name="SUB_CAT_NAME" type="String" />
		<field name="UPDATED_TIMESTAMP" type="Date" />
	</model>
	<model name="com.jioc.query.model.Query_Add_Param_OC">
		<field name="queryAddParamOCId" type="long" />
		<field name="OC" type="String" />
		<field name="status" type="int" />
		<field name="updatedTimestamp" type="Date" />
	</model>
	<model name="com.jioc.query.model.Query_Attachments">
		<field name="AttachmentId" type="long" />
		<field name="fileEntryId" type="long" />
		<field name="updatedBy" type="long" />
		<field name="updatedTimestamp" type="Date" />
		<field name="queryId" type="long" />
		<field name="file_name" type="String" />
	</model>
	<model name="com.jioc.query.model.Query_Details">
		<field name="queryDetailsId" type="long" />
		<field name="queryId" type="long" />
		<field name="updatedTimestamp" type="Date" />
		<field name="updatedBy" type="long" />
		<field name="assignedTo" type="long" />
		<field name="action" type="String" />
		<field name="status" type="String" />
		<field name="state" type="String" />
		<field name="region" type="String" />
		<field name="oc" type="String" />
		<field name="queueLevel" type="int" />
		<field name="comment" type="String">
			<hint name="max-length">1000</hint>
		</field>
		<field name="category" type="long" />
		<field name="subCategory" type="long" />
		<field name="caseResolution" type="long" />
		<field name="is_closed" type="int" />
		<field name="closed_date" type="Date" />
	</model>
	<model name="com.jioc.query.model.QUERY_MOD_DEFAULTS">
		<field name="QUERY_MOD_DEFAULTS_ID" type="int" />
		<field name="CURR_VAL" type="String" />
		<field name="NEW_VAL" type="String" />
		<field name="IS_ACTIVE" type="int" />
		<field name="UPDATED_TIMESTAMP" type="Date" />
		<field name="TYPE" type="String" />
		<field name="CURR_LEVEL" type="int" />
	</model>
	<model name="com.jioc.query.model.Query_Transaction">
		<field name="queryId" type="long" />
		<field name="caseNo" type="String">
			<hint name="max-length">20</hint>
		</field>
		<field name="description" type="String">
			<hint name="max-length">2000</hint>
		</field>
		<field name="raisedTimestamp" type="Date" />
		<field name="raisedById" type="long" />
		<field name="toDisplay" type="int" />
		<field name="orn_no" type="String">
			<hint name="max-length">50</hint>
		</field>
		<field name="caf_no" type="String">
			<hint name="max-length">20</hint>
		</field>
		<field name="customer_MSISDN" type="String">
			<hint name="max-length">15</hint>
		</field>
		<field name="amt_request" type="long" />
		<field name="amt_done" type="long" />
		<field name="raised_by_email" type="String">
			<hint name="max-length">50</hint>
		</field>
		<field name="pcId" type="String">
			<hint name="max-length">20</hint>
		</field>
		<field name="ack" type="int" />
		<field name="source" type="String">
			<hint name="max-length">4</hint>
		</field>
		<field name="ack_timestamp" type="Date" />
		<field name="assignment_group" type="String" />
		<field name="ISACTIVE" type="int" />
	</model>
	<model name="com.jioc.query.model.RESOLVER_DEFAULTS">
		<field name="DEFAULT_ID" type="long" />
		<field name="RESOLVER_LEVEL_ID" type="long" />
		<field name="TYPE" type="String" />
		<field name="VALUE" type="String" />
		<field name="TO_DISPLAY" type="int" />
	</model>
	<model name="com.jioc.query.model.RESOLVER_LEVEL_MST">
		<field name="LEVEL_ID" type="long" />
		<field name="LEVEL_NAME" type="String" />
		<field name="RESOLVER_LEVEL" type="int" />
	</model>
	<model name="com.jioc.query.model.Setup">
		<field name="setup_id" type="long" />
		<field name="key" type="String">
			<hint name="max-length">50</hint>
		</field>
		<field name="val1" type="String">
			<hint name="max-length">200</hint>
		</field>
		<field name="val2" type="String">
			<hint name="max-length">200</hint>
		</field>
		<field name="status" type="int" />
		<field name="updated_timestamp" type="Date" />
	</model>
</model-hints>