<?xml version="1.0"?>

<beans xmlns="http://www.springframework.org/schema/beans" xmlns:xsi="http://www.w3.org/2001/XMLSchema-instance" default-destroy-method="destroy" default-init-method="afterPropertiesSet" xsi:schemaLocation="http://www.springframework.org/schema/beans http://www.springframework.org/schema/beans/spring-beans-3.0.xsd">
	<bean id="com.jioc.query.service.ArticleLocalService" class="com.jioc.query.service.impl.ArticleLocalServiceImpl" />
	<bean id="com.jioc.query.service.persistence.ArticlePersistence" class="com.jioc.query.service.persistence.ArticlePersistenceImpl" parent="basePersistence" />
	<bean id="com.jioc.query.service.CASE_RES_MSTLocalService" class="com.jioc.query.service.impl.CASE_RES_MSTLocalServiceImpl" />
	<bean id="com.jioc.query.service.persistence.CASE_RES_MSTPersistence" class="com.jioc.query.service.persistence.CASE_RES_MSTPersistenceImpl" parent="basePersistence" />
	<bean id="com.jioc.query.service.EMP_DETAILSLocalService" class="com.jioc.query.service.impl.EMP_DETAILSLocalServiceImpl" />
	<bean id="com.jioc.query.service.persistence.EMP_DETAILSPersistence" class="com.jioc.query.service.persistence.EMP_DETAILSPersistenceImpl" parent="basePersistence" />
	<bean id="com.jioc.query.service.persistence.EMP_DETAILSFinder" class="com.jioc.query.service.persistence.EMP_DETAILSFinderImpl" parent="basePersistence" />
	<bean id="com.jioc.query.service.Emp_User_MappingLocalService" class="com.jioc.query.service.impl.Emp_User_MappingLocalServiceImpl" />
	<bean id="com.jioc.query.service.persistence.Emp_User_MappingPersistence" class="com.jioc.query.service.persistence.Emp_User_MappingPersistenceImpl" parent="basePersistence" />
	<bean id="com.jioc.query.service.OC_CAT_MSTLocalService" class="com.jioc.query.service.impl.OC_CAT_MSTLocalServiceImpl" />
	<bean id="com.jioc.query.service.persistence.OC_CAT_MSTPersistence" class="com.jioc.query.service.persistence.OC_CAT_MSTPersistenceImpl" parent="basePersistence" />
	<bean id="com.jioc.query.service.OC_JOB_FUNCTION_MSTLocalService" class="com.jioc.query.service.impl.OC_JOB_FUNCTION_MSTLocalServiceImpl" />
	<bean id="com.jioc.query.service.persistence.OC_JOB_FUNCTION_MSTPersistence" class="com.jioc.query.service.persistence.OC_JOB_FUNCTION_MSTPersistenceImpl" parent="basePersistence" />
	<bean id="com.jioc.query.service.OC_SUB_CAT_MSTLocalService" class="com.jioc.query.service.impl.OC_SUB_CAT_MSTLocalServiceImpl" />
	<bean id="com.jioc.query.service.persistence.OC_SUB_CAT_MSTPersistence" class="com.jioc.query.service.persistence.OC_SUB_CAT_MSTPersistenceImpl" parent="basePersistence" />
	<bean id="com.jioc.query.service.Query_Add_Param_OCLocalService" class="com.jioc.query.service.impl.Query_Add_Param_OCLocalServiceImpl" />
	<bean id="com.jioc.query.service.persistence.Query_Add_Param_OCPersistence" class="com.jioc.query.service.persistence.Query_Add_Param_OCPersistenceImpl" parent="basePersistence" />
	<bean id="com.jioc.query.service.Query_AttachmentsLocalService" class="com.jioc.query.service.impl.Query_AttachmentsLocalServiceImpl" />
	<bean id="com.jioc.query.service.persistence.Query_AttachmentsPersistence" class="com.jioc.query.service.persistence.Query_AttachmentsPersistenceImpl" parent="basePersistence" />
	<bean id="com.jioc.query.service.Query_DetailsLocalService" class="com.jioc.query.service.impl.Query_DetailsLocalServiceImpl" />
	<bean id="com.jioc.query.service.persistence.Query_DetailsPersistence" class="com.jioc.query.service.persistence.Query_DetailsPersistenceImpl" parent="basePersistence" />
	<bean id="com.jioc.query.service.QUERY_MOD_DEFAULTSLocalService" class="com.jioc.query.service.impl.QUERY_MOD_DEFAULTSLocalServiceImpl" />
	<bean id="com.jioc.query.service.persistence.QUERY_MOD_DEFAULTSPersistence" class="com.jioc.query.service.persistence.QUERY_MOD_DEFAULTSPersistenceImpl" parent="basePersistence" />
	<bean id="com.jioc.query.service.Query_ResolutionLocalService" class="com.jioc.query.service.impl.Query_ResolutionLocalServiceImpl" />
	<bean id="com.jioc.query.service.Query_TransactionLocalService" class="com.jioc.query.service.impl.Query_TransactionLocalServiceImpl" />
	<bean id="com.jioc.query.service.persistence.Query_TransactionPersistence" class="com.jioc.query.service.persistence.Query_TransactionPersistenceImpl" parent="basePersistence" />
	<bean id="com.jioc.query.service.RESOLVER_DEFAULTSLocalService" class="com.jioc.query.service.impl.RESOLVER_DEFAULTSLocalServiceImpl" />
	<bean id="com.jioc.query.service.persistence.RESOLVER_DEFAULTSPersistence" class="com.jioc.query.service.persistence.RESOLVER_DEFAULTSPersistenceImpl" parent="basePersistence" />
	<bean id="com.jioc.query.service.RESOLVER_LEVEL_MSTLocalService" class="com.jioc.query.service.impl.RESOLVER_LEVEL_MSTLocalServiceImpl" />
	<bean id="com.jioc.query.service.persistence.RESOLVER_LEVEL_MSTPersistence" class="com.jioc.query.service.persistence.RESOLVER_LEVEL_MSTPersistenceImpl" parent="basePersistence" />
	<bean id="com.jioc.query.service.SetupLocalService" class="com.jioc.query.service.impl.SetupLocalServiceImpl" />
	<bean id="com.jioc.query.service.persistence.SetupPersistence" class="com.jioc.query.service.persistence.SetupPersistenceImpl" parent="basePersistence" />
</beans>