<?xml version="1.0" encoding="UTF-8"?>
<custom-sql>

	<sql id="com.jioc.taskmanagement.service.persistence.getAllTasksAssignToMebyStatusAdnDate">
	    <![CDATA[
	    	SELECT taskAssignmentId,taskId,assignByUserId,assignToUserId,status,achieved,modifiedBy,createDate,modifiedDate
	    	FROM jioc_taskassignment 
	    	WHERE assigntouserId = ? AND status=? AND modifiedDate >= ? AND  modifiedDate <= ?
	    ]]>
    </sql>
    
    <sql id="com.jioc.taskmanagement.service.persistence.getAllTasksAssignToMe">
	    <![CDATA[
	    	select assigneetaskid,assignbyuserid,assigntouserid,trunc(createdate),final_status
			from JIOC_TASKASSIGNMENT a
			where assigntouserid= ?
			group by assigneetaskid,assignbyuserid,assigntouserid,trunc(createdate),final_status
			order by 1 desc  
	    ]]>
    </sql>
    <sql id="com.jioc.taskmanagement.service.persistence.getAllTasksAssignToMeByStatusWithDate">
	    <![CDATA[
	    	select assigneetaskid,assignbyuserid,assigntouserid,trunc(createdate),final_status
			from JIOC_TASKASSIGNMENT a
			where trunc(createdate) between '[$FROM_DATE$]' and '[$TO_DATE$]'
			and final_status= '[$FINAL_STATUS$]'
			and assigntouserid= '[$USERID$]'
			group by assigneetaskid,assignbyuserid,assigntouserid,trunc(createdate),final_status
			order by 1 desc  
	    ]]>
    </sql>
    <sql id="com.jioc.taskmanagement.service.persistence.getAllTasksAssignByMeByStatusWithDate">
	    <![CDATA[
	    	select assigneetaskid,assignbyuserid,assigntouserid,trunc(createdate),final_status
			from JIOC_TASKASSIGNMENT a
			where trunc(createdate) between '[$FROM_DATE$]' and '[$TO_DATE$]'
			and final_status= '[$FINAL_STATUS$]'
			and assignbyuserid= '[$USERID$]'
			group by assigneetaskid,assignbyuserid,assigntouserid,trunc(createdate),final_status
			order by 1 desc  
	    ]]>
    </sql>
    <sql id="com.jioc.taskmanagement.service.persistence.getAllTaskAssignToMeByStatus">
	    <![CDATA[
	    	select assigneetaskid,assignbyuserid,assigntouserid,trunc(createdate),final_status
			from JIOC_TASKASSIGNMENT a
			where final_status= ?
			and assigntouserid= ?
			group by assigneetaskid,assignbyuserid,assigntouserid,trunc(createdate),final_status
			order by 1 desc  
	    ]]>
    </sql>
    <sql id="com.jioc.taskmanagement.service.persistence.getAllTaskAssignToMeWithDate">
	    <![CDATA[
	    	select assigneetaskid,assignbyuserid,assigntouserid,trunc(createdate),final_status
			from JIOC_TASKASSIGNMENT a
			where trunc(createdate) between '[$FROM_DATE$]' and '[$TO_DATE$]'
			and assigntouserid= '[$USERID$]'
			group by assigneetaskid,assignbyuserid,assigntouserid,trunc(createdate),final_status
			order by 1 desc
	    ]]>
    </sql>
    <sql id="com.jioc.taskmanagement.service.persistence.getAllTaskAssignByMeWithDate">
	    <![CDATA[
	    	select assigneetaskid,assignbyuserid,assigntouserid,trunc(createdate),final_status
			from JIOC_TASKASSIGNMENT a
			where trunc(createdate) between '[$FROM_DATE$]' and '[$TO_DATE$]'
			and assignbyuserid= '[$USERID$]'
			group by assigneetaskid,assignbyuserid,assigntouserid,trunc(createdate),final_status
			order by 1 desc
	    ]]>
    </sql>
    <sql id="com.jioc.taskmanagement.service.persistence.getAllTaskAssignByMeByStatus">
	    <![CDATA[
	    	select assigneetaskid,assignbyuserid,assigntouserid,trunc(createdate),final_status
			from JIOC_TASKASSIGNMENT a
			where final_status= '[$FINAL_STATUS$]'
			and assignByuserid= '[$USERID$]'
			group by assigneetaskid,assignbyuserid,assigntouserid,trunc(createdate),final_status
			order by 1 desc  
	    ]]>
    </sql>
    <sql id="com.jioc.taskmanagement.service.persistence.getAllTasksAssignByMe">
	    <![CDATA[
	    	select assigneetaskid,assignbyuserid,assigntouserid,trunc(createdate),final_status
			from JIOC_TASKASSIGNMENT a
			where assignByuserid= '[$USERID$]'
			group by assigneetaskid,assignbyuserid,assigntouserid,trunc(createdate),final_status
			order by 1 desc  
	    ]]>
    </sql>
    <sql id="com.jioc.taskmanagement.service.persistence.getAllTasksByAssigneetaskId">
	    <![CDATA[
	    	select td.taskid,td.description,td.target,td.createdate,ts.achieved,ts.status 
	    	from jioc_taskdetails td FULL OUTER JOIN JIOC_TASKASSIGNMENT ts on td.taskid = ts.taskid where assigneetaskid = ?
	    ]]>
    </sql>
    
    <sql id="com.jioc.taskmanagement.service.persistence.getTasksByAssigneetaskId">
	    <![CDATA[
	    	select ta.taskassignmentid,td.taskid,ta.assigneetaskid,ta.assigntouserid,ta.status,achieved,td.description,td.target 
	    	from JIOC_TASKASSIGNMENT ta FULL OUTER JOIN jioc_taskdetails td on ta.taskid = td.taskid where assigneetaskid = ? and status = ?
	    ]]>
    </sql>
	

</custom-sql>