<?xml version="1.0"?>
<!DOCTYPE service-builder PUBLIC "-//Liferay//DTD Service Builder 6.2.0//EN" "http://www.liferay.com/dtd/liferay-service-builder_6_2_0.dtd">

<service-builder package-path="com.jio.portlet.saml">
	<author>Ashish Jadhav</author>
	<namespace>JIO</namespace>
	<entity name="SamlSession" local-service="true" remote-service="false">

		<column name="sessionId" type="long" primary="true" />
		<column name="sessionKey" type="String" />
		<column name="assertionXml" type="String" />
		<column name="jSessionId" type="String" />
		<column name="nameIdFormat" type="String" />
		<column name="nameIdNameQualifier" type="String" />
		<column name="nameIdSPNameQualifier" type="String" />
		<column name="nameIdValue" type="String" />
		<column name="sessionIndex" type="String" />
		<column name="terminated" type="boolean" />
		<column name="companyId" type="long" />
		<column name="userId" type="long" />
		<column name="userName" type="String" />
		<column name="createDate" type="Date" />
		<column name="modifiedDate" type="Date" />

		<!-- Finder methods -->

		<finder name="SessionKey" return-type="SamlSession" unique="true">
			<finder-column name="sessionKey" />
		</finder>
		<finder name="JSessionId" return-type="SamlSession">
			<finder-column name="jSessionId" />
		</finder>
		<finder name="NameIdValue" return-type="Collection">
			<finder-column name="nameIdValue" />
		</finder>
		<finder name="SessionIndex" return-type="SamlSession">
			<finder-column name="sessionIndex" />
		</finder>
	</entity>

	<entity name="SamlAuthRequest" local-service="true"
		remote-service="false">

		<!-- PK fields -->

		<column name="samlAuthnRequestId" type="long" primary="true" />

		<!-- Audit fields -->

		<column name="companyId" type="long" />
		<column name="createDate" type="Date" />

		<!-- Other fields -->

		<column name="entityId" type="String" />
		<column name="authRequestKey" type="String" />

		<!-- Finder methods -->

		<finder name="EntityId_AuthReqKey" return-type="SamlAuthRequest">
			<finder-column name="entityId" />
			<finder-column name="authRequestKey" />
		</finder>
	</entity>
	<entity name="SamlMessage" local-service="true" remote-service="false">
		<column name="samlMessageId" type="long" primary="true" />

		<!-- Audit fields -->

		<column name="companyId" type="long" />
		<column name="createDate" type="Date" />

		<!-- Other fields -->

		<column name="entityId" type="String" />
		<column name="responseKey" type="String" />
		<column name="expirationDate" type="Date" />

		<!-- Finder methods -->

		<finder name="EntityId_ResponseKey" return-type="SamlMessage">
			<finder-column name="entityId" />
			<finder-column name="responseKey" />
		</finder>
	</entity>
	
	<entity name="SamlIdpConnection" local-service="true" remote-service="false">

		<!-- PK fields -->

		<column name="samlIdpConnectionId" type="long" primary="true" />

		<!-- Audit fields -->

		<column name="companyId" type="long" />
		<column name="userId" type="long" />
		<column name="userName" type="String" />
		<column name="createDate" type="Date" />
		<column name="modifiedDate" type="Date" />

		<!-- Other fields -->

		<column name="samlIdpEntityId" type="String" />
		<column name="assertionSignatureRequired" type="boolean" />
		<column name="clockSkew" type="long" />
		<column name="enabled" type="boolean" />
		<column name="forceAuthn" type="boolean" />
		<column name="ldapImportEnabled" type="boolean" />
		<column name="metadataUrl" type="String" />
		<column name="metadataXml" type="String" />
		<column name="metadataUpdatedDate" type="Date" />
		<column name="name" type="String" />
		<column name="nameIdFormat" type="String" />
		<column name="signAuthnRequest" type="boolean" />
		<column name="userAttributeMappings" type="String" />

		<!-- Finder methods -->

		<finder name="CompanyId" return-type="Collection">
			<finder-column name="companyId" />
		</finder>
		<finder name="CompanyId_IdpEntityId" return-type="SamlIdpConnection">
			<finder-column name="companyId" />
			<finder-column name="samlIdpEntityId" />
		</finder>
	</entity>
</service-builder>