<?xml version="1.0" encoding="UTF-8"?>
<!DOCTYPE service-builder PUBLIC "-//Liferay//DTD Service Builder 6.2.0//EN" "http://www.liferay.com/dtd/liferay-service-builder_6_2_0.dtd">
<service-builder package-path="com.jioc.taskmanagement">
	<author>rajnikant.donga</author>
	<namespace>jioc</namespace>

	<entity name="TaskDetails" local-service="true" remote-service="false">

		<!-- PK fields -->

		<column name="taskId" type="long" primary="true" />

		<!-- Other fields -->

		<column name="description" type="String" />
		<column name="target" type="long" />

		<!-- Audit fields -->

		<column name="modifiedBy" type="long" />
		<column name="createDate" type="Date" />
		<column name="modifiedDate" type="Date" />

		<!-- Order -->

		<!-- <order by="asc">
			<order-column name="field1" />
		</order> -->

		<!-- Finder methods -->

		 <finder name="AssignByMe" return-type="Collection">
			<finder-column name="modifiedBy" />
		 </finder> 
		  
	</entity>
	
	<entity name="TaskAssignment" local-service="true" remote-service="false">

		<!-- PK fields -->

		<column name="taskAssignmentId" type="long" primary="true" />

		<!-- Other fields -->

		<column name="taskId" type="long" />
		<column name="assigneeTaskId" type="long" />
		<column name="assignByUserId" type="long" />
		<column name="assignToUserId" type="long" />
		<column name="status" type="String" />
		<column name="final_status" type="String" />
		<column name="achieved" type="String" />

		<!-- Audit fields -->

		<column name="modifiedBy" type="long" />
		<column name="createDate" type="Date" />
		<column name="modifiedDate" type="Date" />

		<!-- Order -->

		<!-- <order by="asc">
			<order-column name="field1" />
		</order> -->

		<!-- Finder methods -->

		<finder name="AssigneeUser" return-type="Collection">
			<finder-column name="taskId" />
		</finder> 
		<finder name="AssignToUser" return-type="Collection">
			<finder-column name="assignToUserId" />
		</finder> 
		<finder name="TaskDetailAssignToMe" return-type="TaskAssignment">
			<finder-column name="taskId" />
			<finder-column name="assignByUserId" />
		</finder> 
		<finder name="AvailableAssignee" return-type="TaskAssignment">
			<finder-column name="taskId" />
			<finder-column name="assignToUserId" />
		</finder> 
				
		<finder name="AssignToUserIdAndAssigneeTaskId" return-type="Collection">
			<finder-column name="assignToUserId" />
			<finder-column name="assigneeTaskId" />
		</finder>
		
		<finder name="TaskAndAssigneeTaskId" return-type="TaskAssignment">
			<finder-column name="taskId" />
			<finder-column name="assignToUserId" />
			<finder-column name="assigneeTaskId" />
		</finder> 
		
		<finder name="StatusByAssigneeTaskId" return-type="Collection">
			<finder-column name="assigneeTaskId" />
			<finder-column name="status" />
		</finder>
		<finder name="AssignmentsByAssigneetaskId" return-type="Collection">
			<finder-column name="assigneeTaskId" />
		</finder>
		<finder name="AssignmentsByTaskIdAndStatus" return-type="Collection">
			<finder-column name="taskId" />
			<finder-column name="status" />
		</finder>
		
	</entity>
	
	<entity name="TaskOcDetails" local-service="true" remote-service="false">

		<!-- PK fields -->

		<column name="ocId" type="long" primary="true" />

		<!-- Other fields -->

		<column name="oc" type="String" />
		<column name="cat_type" type="String" />
		<column name="status" type="int" />

		<!-- Audit fields -->
		<column name="modifiedDate" type="Date" />

		<finder name="StatusByOC" return-type="OcDetails">
			<finder-column name="oc" />
			<finder-column name="status" />
			<finder-column name="cat_type" />
		</finder> 
	</entity>
	
	<entity name="TaskJobDetails" local-service="true" remote-service="false">

		<!-- PK fields -->

		<column name="jobId" type="long" primary="true" />

		<!-- Other fields -->

		<column name="job" type="String" />
		<column name="status_TM" type="int" />
		<column name="status_MyApps" type="int" />

		<!-- Audit fields -->
		<column name="modifiedDate" type="Date" />

		
	</entity>
</service-builder>