<?xml version="1.0"?>

<model-hints>
	<model name="com.jioc.taskmanagement.model.TaskAssignment">
		<field name="taskAssignmentId" type="long" />
		<field name="taskId" type="long" />
		<field name="assigneeTaskId" type="long" />
		<field name="assignByUserId" type="long" />
		<field name="assignToUserId" type="long" />
		<field name="status" type="String" />
		<field name="final_status" type="String" />
		<field name="achieved" type="String">
			<hint name="max-length">300</hint>
		</field>
		<field name="modifiedBy" type="long" />
		<field name="createDate" type="Date" />
		<field name="modifiedDate" type="Date" />
	</model>
	<model name="com.jioc.taskmanagement.model.TaskDetails">
		<field name="taskId" type="long" />
		<field name="description" type="String">
			<hint name="max-length">1000</hint>
		</field>
		<field name="target" type="long" />
		<field name="modifiedBy" type="long" />
		<field name="createDate" type="Date" />
		<field name="modifiedDate" type="Date" />
	</model>
	<model name="com.jioc.taskmanagement.model.TaskJobDetails">
		<field name="jobId" type="long" />
		<field name="job" type="String" />
		<field name="status_TM" type="int" />
		<field name="status_MyApps" type="int" />
		<field name="modifiedDate" type="Date" />
	</model>
	<model name="com.jioc.taskmanagement.model.TaskOcDetails">
		<field name="ocId" type="long" />
		<field name="oc" type="String" />
		<field name="cat_type" type="String" />
		<field name="status" type="int" />
		<field name="modifiedDate" type="Date" />
	</model>
</model-hints>