<?xml version="1.0"?>

<entity-mappings xmlns="http://java.sun.com/xml/ns/persistence/orm" xmlns:xsi="http://www.w3.org/2001/XMLSchema-instance" version="1.0" xsi:schemaLocation="http://java.sun.com/xml/ns/persistence/orm http://java.sun.com/xml/ns/persistence/orm_1_0.xsd">
	<persistence-unit-metadata>
		<xml-mapping-metadata-complete/>
		<persistence-unit-defaults>
			<access>PROPERTY</access>
		</persistence-unit-defaults>
	</persistence-unit-metadata>
	<mapped-superclass class="com.jioc.taskmanagement.model.impl.TaskAssignmentModelImpl">
		<attributes>
			<id name="taskAssignmentId" />
			<basic name="taskId" />
			<basic name="assigneeTaskId" />
			<basic name="assignByUserId" />
			<basic name="assignToUserId" />
			<basic name="status" />
			<basic name="final_status" />
			<basic name="achieved" />
			<basic name="modifiedBy" />
			<basic name="createDate">
				<temporal>TIMESTAMP</temporal>
			</basic>
			<basic name="modifiedDate">
				<temporal>TIMESTAMP</temporal>
			</basic>
			<transient name="assignByUserUuid" />
			<transient name="assignToUserUuid" />
			<transient name="modelAttributes" />
			<transient name="primaryKey" />
			<transient name="primaryKeyObj" />
		</attributes>
	</mapped-superclass>
	<mapped-superclass class="com.jioc.taskmanagement.model.impl.TaskDetailsModelImpl">
		<attributes>
			<id name="taskId" />
			<basic name="description" />
			<basic name="target" />
			<basic name="modifiedBy" />
			<basic name="createDate">
				<temporal>TIMESTAMP</temporal>
			</basic>
			<basic name="modifiedDate">
				<temporal>TIMESTAMP</temporal>
			</basic>
			<transient name="modelAttributes" />
			<transient name="primaryKey" />
			<transient name="primaryKeyObj" />
		</attributes>
	</mapped-superclass>
	<mapped-superclass class="com.jioc.taskmanagement.model.impl.TaskJobDetailsModelImpl">
		<attributes>
			<id name="jobId" />
			<basic name="job" />
			<basic name="status_TM" />
			<basic name="status_MyApps" />
			<basic name="modifiedDate">
				<temporal>TIMESTAMP</temporal>
			</basic>
			<transient name="modelAttributes" />
			<transient name="primaryKey" />
			<transient name="primaryKeyObj" />
		</attributes>
	</mapped-superclass>
	<mapped-superclass class="com.jioc.taskmanagement.model.impl.TaskOcDetailsModelImpl">
		<attributes>
			<id name="ocId" />
			<basic name="oc" />
			<basic name="cat_type" />
			<basic name="status" />
			<basic name="modifiedDate">
				<temporal>TIMESTAMP</temporal>
			</basic>
			<transient name="modelAttributes" />
			<transient name="primaryKey" />
			<transient name="primaryKeyObj" />
		</attributes>
	</mapped-superclass>
	<entity class="com.jioc.taskmanagement.model.impl.TaskAssignmentImpl" name="TaskAssignment">
		<table name="jioc_TaskAssignment" />
		<attributes>
			<transient name="description" />
			<transient name="employeeFullName" />
			<transient name="target" />
		</attributes>
	</entity>
	<entity class="com.jioc.taskmanagement.model.impl.TaskDetailsImpl" name="TaskDetails">
		<table name="jioc_TaskDetails" />
		<attributes>
			<transient name="achieved" />
			<transient name="status" />
			<transient name="taskDetails_Status" />
		</attributes>
	</entity>
	<entity class="com.jioc.taskmanagement.model.impl.TaskJobDetailsImpl" name="TaskJobDetails">
		<table name="jioc_TaskJobDetails" />
		<attributes />
	</entity>
	<entity class="com.jioc.taskmanagement.model.impl.TaskOcDetailsImpl" name="TaskOcDetails">
		<table name="jioc_TaskOcDetails" />
		<attributes />
	</entity>
</entity-mappings>