<?xml version="1.0"?>

<beans xmlns="http://www.springframework.org/schema/beans" xmlns:xsi="http://www.w3.org/2001/XMLSchema-instance" default-destroy-method="destroy" default-init-method="afterPropertiesSet" xsi:schemaLocation="http://www.springframework.org/schema/beans http://www.springframework.org/schema/beans/spring-beans-3.0.xsd">
	<bean id="com.jioc.taskmanagement.service.TaskAssignmentLocalService" class="com.jioc.taskmanagement.service.impl.TaskAssignmentLocalServiceImpl" />
	<bean id="com.jioc.taskmanagement.service.persistence.TaskAssignmentPersistence" class="com.jioc.taskmanagement.service.persistence.TaskAssignmentPersistenceImpl" parent="basePersistence" />
	<bean id="com.jioc.taskmanagement.service.persistence.TaskAssignmentFinder" class="com.jioc.taskmanagement.service.persistence.TaskAssignmentFinderImpl" parent="basePersistence" />
	<bean id="com.jioc.taskmanagement.service.TaskDetailsLocalService" class="com.jioc.taskmanagement.service.impl.TaskDetailsLocalServiceImpl" />
	<bean id="com.jioc.taskmanagement.service.persistence.TaskDetailsPersistence" class="com.jioc.taskmanagement.service.persistence.TaskDetailsPersistenceImpl" parent="basePersistence" />
	<bean id="com.jioc.taskmanagement.service.persistence.TaskDetailsFinder" class="com.jioc.taskmanagement.service.persistence.TaskDetailsFinderImpl" parent="basePersistence" />
	<bean id="com.jioc.taskmanagement.service.TaskJobDetailsLocalService" class="com.jioc.taskmanagement.service.impl.TaskJobDetailsLocalServiceImpl" />
	<bean id="com.jioc.taskmanagement.service.persistence.TaskJobDetailsPersistence" class="com.jioc.taskmanagement.service.persistence.TaskJobDetailsPersistenceImpl" parent="basePersistence" />
	<bean id="com.jioc.taskmanagement.service.TaskOcDetailsLocalService" class="com.jioc.taskmanagement.service.impl.TaskOcDetailsLocalServiceImpl" />
	<bean id="com.jioc.taskmanagement.service.persistence.TaskOcDetailsPersistence" class="com.jioc.taskmanagement.service.persistence.TaskOcDetailsPersistenceImpl" parent="basePersistence" />
</beans>