<?xml version="1.0"?>
<!DOCTYPE hibernate-mapping PUBLIC "-//Hibernate/Hibernate Mapping DTD 3.0//EN" "http://hibernate.sourceforge.net/hibernate-mapping-3.0.dtd">

<hibernate-mapping default-lazy="false" auto-import="false">
	<import class="com.jioc.taskmanagement.model.TaskAssignment" />
	<import class="com.jioc.taskmanagement.model.TaskDetails" />
	<import class="com.jioc.taskmanagement.model.TaskJobDetails" />
	<import class="com.jioc.taskmanagement.model.TaskOcDetails" />
	<class name="com.jioc.taskmanagement.model.impl.TaskAssignmentImpl" table="jioc_TaskAssignment">
		<cache usage="read-write" />
		<id name="taskAssignmentId" type="long">
			<generator class="assigned" />
		</id>
		<property name="taskId" type="com.liferay.portal.dao.orm.hibernate.LongType" />
		<property name="assigneeTaskId" type="com.liferay.portal.dao.orm.hibernate.LongType" />
		<property name="assignByUserId" type="com.liferay.portal.dao.orm.hibernate.LongType" />
		<property name="assignToUserId" type="com.liferay.portal.dao.orm.hibernate.LongType" />
		<property name="status" type="com.liferay.portal.dao.orm.hibernate.StringType" />
		<property name="final_status" type="com.liferay.portal.dao.orm.hibernate.StringType" />
		<property name="achieved" type="com.liferay.portal.dao.orm.hibernate.StringType" />
		<property name="modifiedBy" type="com.liferay.portal.dao.orm.hibernate.LongType" />
		<property name="createDate" type="org.hibernate.type.TimestampType" />
		<property name="modifiedDate" type="org.hibernate.type.TimestampType" />
	</class>
	<class name="com.jioc.taskmanagement.model.impl.TaskDetailsImpl" table="jioc_TaskDetails">
		<cache usage="read-write" />
		<id name="taskId" type="long">
			<generator class="assigned" />
		</id>
		<property name="description" type="com.liferay.portal.dao.orm.hibernate.StringType" />
		<property name="target" type="com.liferay.portal.dao.orm.hibernate.LongType" />
		<property name="modifiedBy" type="com.liferay.portal.dao.orm.hibernate.LongType" />
		<property name="createDate" type="org.hibernate.type.TimestampType" />
		<property name="modifiedDate" type="org.hibernate.type.TimestampType" />
	</class>
	<class name="com.jioc.taskmanagement.model.impl.TaskJobDetailsImpl" table="jioc_TaskJobDetails">
		<cache usage="read-write" />
		<id name="jobId" type="long">
			<generator class="assigned" />
		</id>
		<property name="job" type="com.liferay.portal.dao.orm.hibernate.StringType" />
		<property name="status_TM" type="com.liferay.portal.dao.orm.hibernate.IntegerType" />
		<property name="status_MyApps" type="com.liferay.portal.dao.orm.hibernate.IntegerType" />
		<property name="modifiedDate" type="org.hibernate.type.TimestampType" />
	</class>
	<class name="com.jioc.taskmanagement.model.impl.TaskOcDetailsImpl" table="jioc_TaskOcDetails">
		<cache usage="read-write" />
		<id name="ocId" type="long">
			<generator class="assigned" />
		</id>
		<property name="oc" type="com.liferay.portal.dao.orm.hibernate.StringType" />
		<property name="cat_type" type="com.liferay.portal.dao.orm.hibernate.StringType" />
		<property name="status" type="com.liferay.portal.dao.orm.hibernate.IntegerType" />
		<property name="modifiedDate" type="org.hibernate.type.TimestampType" />
	</class>
</hibernate-mapping>