<?xml version="1.0" encoding="UTF-8"?>
<!DOCTYPE hook PUBLIC "-//Liferay//DTD Hook 6.2.0//EN" "http://www.liferay.com/dtd/liferay-hook_6_2_0.dtd">

<hook>
	<portal-properties>portal.properties</portal-properties>
	<language-properties>content/language.properties</language-properties>
	<custom-jsp-dir>/custom_jsps</custom-jsp-dir>
	
	<service>
		<service-type>
			com.liferay.portlet.expando.service.ExpandoValueLocalService
		</service-type>
		<service-impl>
			com.jio.central.hook.impl.customattribute.CustomExpandoValueLocalServiceImpl
		</service-impl>
	</service>
    <service>
        <service-type>com.liferay.portlet.messageboards.service.MBMessageLocalService</service-type>
        <service-impl>com.jio.central.hook.impl.mbmessage.CustomMBMessageLocalService</service-impl>
    </service>
    
	<struts-action>
		<struts-action-path>/message_boards/edit_message</struts-action-path>
		<struts-action-impl>com.jio.central.hook.action.CustomEditMessageAction</struts-action-impl>
	</struts-action>
	<struts-action>
		<struts-action-path>/journal/edit_article</struts-action-path>
		<struts-action-impl>com.jio.central.hook.action.SaveAsKnowledgeBaseArticleAction</struts-action-impl>
	</struts-action>

</hook>