<?xml version="1.0"?>
<!DOCTYPE liferay-portlet-app PUBLIC "-//Liferay//DTD Portlet Application 6.2.0//EN" "http://www.liferay.com/dtd/liferay-portlet-app_6_2_0.dtd">

<liferay-portlet-app>
	<portlet>
		<portlet-name>jio-central-collaboration-links</portlet-name>
		<icon>/icon.png</icon>
		<asset-renderer-factory>com.jio.central.joingroup.workflow.OrganizationAssetRendererFactory</asset-renderer-factory>
		<workflow-handler>com.jio.central.joingroup.workflow.OrganizationflowHandler</workflow-handler>
		<private-session-attributes>false</private-session-attributes>
		<requires-namespaced-parameters>false</requires-namespaced-parameters>
		<header-portlet-css>/css/main.css</header-portlet-css>
		<footer-portlet-javascript>/js/main.js</footer-portlet-javascript>
		<css-class-wrapper>jio-central-collaboration-links-portlet</css-class-wrapper>
	</portlet>
	<portlet>
		<portlet-name>Menu Portlet</portlet-name>		
		<icon>/icon.png</icon>
		<configuration-action-class>com.jio.central.collaboration.menu.configuration.MenuConfiguration</configuration-action-class>
		<private-session-attributes>false</private-session-attributes>	
		<header-portlet-css>/css/main.css</header-portlet-css>
		<footer-portlet-javascript>/js/main.js</footer-portlet-javascript>
		<css-class-wrapper>jio-collaboration-menu</css-class-wrapper>
	</portlet>

	<portlet>
		<portlet-name>Wall Portlet</portlet-name>
		<icon>/icon.png</icon>
		<private-session-attributes>false</private-session-attributes>
		<header-portlet-css>/css/main.css</header-portlet-css>
		<footer-portlet-javascript>/js/main.js</footer-portlet-javascript>		
		<css-class-wrapper>jio-collaboration-wall</css-class-wrapper>
	</portlet>
	<role-mapper>
		<role-name>administrator</role-name>
		<role-link>Administrator</role-link>
	</role-mapper>
	<role-mapper>
		<role-name>guest</role-name>
		<role-link>Guest</role-link>
	</role-mapper>
	<role-mapper>
		<role-name>power-user</role-name>
		<role-link>Power User</role-link>
	</role-mapper>
	<role-mapper>
		<role-name>user</role-name>
		<role-link>User</role-link>
	</role-mapper>
</liferay-portlet-app>