<?xml version="1.0"?>

<portlet-app xmlns="http://java.sun.com/xml/ns/portlet/portlet-app_2_0.xsd" xmlns:xsi="http://www.w3.org/2001/XMLSchema-instance" xsi:schemaLocation="http://java.sun.com/xml/ns/portlet/portlet-app_2_0.xsd http://java.sun.com/xml/ns/portlet/portlet-app_2_0.xsd" version="2.0">
	<portlet>
		<portlet-name>jio-central-collaboration-links</portlet-name>
		<display-name>Jio Central Collaboration Links</display-name> 
		<portlet-class>com.jio.central.links.controller.JioCentralLinksPortlet</portlet-class> 
		<init-param>
			<name>view-template</name> 
			<value>/html/view.jsp</value>
		</init-param>
		<init-param>
		    <name>add-process-action-success-action</name>
		    <value>false</value>
		</init-param>
		<expiration-cache>0</expiration-cache>
		<supports>
			<mime-type>text/html</mime-type>
			<portlet-mode>view</portlet-mode>
			<portlet-mode>edit</portlet-mode>
		</supports>
		<resource-bundle>content.language</resource-bundle> 
		<portlet-info>
			<title>Jio Central Collaboration Links</title>
			<short-title>Jio Central Collaboration Links</short-title>
			<keywords>Jio Central Collaboration Links</keywords>
		</portlet-info>
		<security-role-ref>
			<role-name>administrator</role-name>
		</security-role-ref>
		<security-role-ref>
			<role-name>guest</role-name>
		</security-role-ref>
		<security-role-ref>
			<role-name>power-user</role-name>
		</security-role-ref>
		<security-role-ref>
			<role-name>user</role-name>
		</security-role-ref>
		<supported-public-render-parameter>triggerView</supported-public-render-parameter>
	<supported-public-render-parameter>loggedInUser</supported-public-render-parameter>
	</portlet>
	
	<portlet>
		<portlet-name>Menu Portlet</portlet-name>
		<display-name>Menu Portlet</display-name>
		<portlet-class>com.jio.central.collaboration.menu.portlet.MenuController</portlet-class>
		<init-param>
			<name>view-template</name>
			<value>/html/portlet/collaboration_menu/view.jsp</value>
		</init-param>
		<init-param>
        <name>add-process-action-success-action</name>
        <value>false</value>
    </init-param>
		<init-param>
			<name>config-template</name>
			<value>/html/portlet/collaboration_menu/config/configuration.jsp</value>
		</init-param>
		<expiration-cache>0</expiration-cache>
		<supports>
			<mime-type>text/html</mime-type>
			<portlet-mode>view</portlet-mode>
			<portlet-mode>config</portlet-mode>
		</supports>
		<resource-bundle>content.language</resource-bundle>
		<portlet-info>
			<title>Jio Collaboration Menu</title>
			<short-title>Collaboration Menu</short-title>
			<keywords></keywords>
		</portlet-info>
		<security-role-ref>
			<role-name>administrator</role-name>
		</security-role-ref>
		<security-role-ref>
			<role-name>guest</role-name>
		</security-role-ref>
		<security-role-ref>
			<role-name>power-user</role-name>
		</security-role-ref>
		<security-role-ref>
			<role-name>user</role-name>
		</security-role-ref>
		<supported-public-render-parameter>triggerView</supported-public-render-parameter>
		<supported-public-render-parameter>loggedInUser</supported-public-render-parameter>	
		
	</portlet>
	<portlet>
		<portlet-name>Wall Portlet</portlet-name>
		<display-name>Wall Portlet</display-name>
		<portlet-class>com.jio.central.collaboration.wall.portlet.WallController</portlet-class>
		<init-param>
			<name>view-template</name>
			<value>/html/portlet/collaboration_wall/viewWall.jsp</value>
		</init-param>
		<init-param>
			<name>edit-template</name>
			<value>/html/portlet/collaboration_wall/edit.jsp</value>
		</init-param>
		<init-param>
			<name>config-template</name>
			<value>/html/portlet/collaboration_wall/config.jsp</value>
		</init-param>
		<expiration-cache>0</expiration-cache>
		<supports>
			<mime-type>text/html</mime-type>
			<portlet-mode>view</portlet-mode>
			<portlet-mode>edit</portlet-mode>
			<portlet-mode>config</portlet-mode>
		</supports>
		<resource-bundle>content.language</resource-bundle>
		<portlet-info>
			<title>Wall Portlet</title>
			<short-title>Wall Portlet</short-title>
			<keywords></keywords>
		</portlet-info>
		<security-role-ref>
			<role-name>administrator</role-name>
		</security-role-ref>
		<security-role-ref>
			<role-name>guest</role-name>
		</security-role-ref>
		<security-role-ref>
			<role-name>power-user</role-name>
		</security-role-ref>
		<security-role-ref>
			<role-name>user</role-name>
		</security-role-ref>
		<supported-public-render-parameter>triggerView</supported-public-render-parameter>
		<supported-public-render-parameter>loggedInUser</supported-public-render-parameter>	
	</portlet>
	<public-render-parameter>
		<identifier>triggerView</identifier>
		<qname xmlns:x="http://jiocentral/public">x:triggerView</qname>
	</public-render-parameter>
	<public-render-parameter>
		<identifier>loggedInUser</identifier>
		<qname xmlns:x="http://jiocentral/public">x:loggedInUser</qname>
	</public-render-parameter>
</portlet-app>