<?xml version="1.0" encoding="UTF-8"?>
<!DOCTYPE service-builder PUBLIC "-//Liferay//DTD Service Builder 6.2.0//EN" "http://www.liferay.com/dtd/liferay-service-builder_6_2_0.dtd">
<service-builder 
	package-path="com.jio.central.services.custom.tables">
	<author>dewang.patel</author>
	<namespace>jiocentral</namespace>

	<entity name="MessageUserGroup" table="jc_messageusergroup" cache-enabled="false" local-service="true" remote-service="false" >
		
		<column name="pid" type="long" primary="true"></column>
		<column name="messageid" type="long"></column>
		<column name="isgroup" type="boolean"></column>
		<column name="userorgrp_name" type="String"></column>
		<column name="userorgrp_id" type="long"></column>
		<column name="createdbyuserid" type="long"></column>
		
	</entity>
	<entity name="JoinOrganization" local-service="true" remote-service="false">

		<!-- PK fields -->

		<column name="joinOrganizationId" type="long" primary="true" />

		<!-- Group instance -->
		<column name="joinOrganizationName" type="String" />
        <column name="description" type="String"></column>
		<column name="joinOrganizationStatus" type="int" />
		<column name="statusByUserId" type="long" />
		<column name="statusDate" type="Date" />
		<column name="companyId" type="long" />
		<column name="groupId" type="long" />
		<column name="userId" type="long" />
		<column name="organizaId" type="long" />
		<column name="createDate" type="Date" />
		
	<finder name="GroupId" return-type="Collection">
			<finder-column name="groupId" />
		</finder>
		<finder name="CompanyId" return-type="Collection">
			<finder-column name="companyId" />
		</finder>
		<finder name="G_S" return-type="Collection">
			<finder-column name="groupId" />
			<finder-column name="joinOrganizationStatus" />
		</finder>

		<reference package-path="com.liferay.portal" entity="User" />	
		<reference package-path="com.liferay.portal" entity="Organization" />
		<reference package-path="com.liferay.portlet.asset" entity="AssetEntry" />
		<reference package-path="com.liferay.portal" entity="WorkflowDefinitionLink"></reference>
		<reference package-path="com.liferay.portal" entity="WorkflowInstanceLink"></reference>
	</entity>
	
</service-builder>