<?xml version="1.0" encoding="UTF-8"?>
<!DOCTYPE service-builder PUBLIC "-//Liferay//DTD Service Builder 6.2.0//EN" "http://www.liferay.com/dtd/liferay-service-builder_6_2_0.dtd">
<service-builder package-path="com.jioc.query">
	<author>shantaram.chavan</author>
	<namespace>jioc</namespace>

	<entity name="Article" local-service="true" remote-service="false" cache-enabled="false" json-enabled="false">
		<column name="articleId" type="long" primary="true" convert-null="true" lazy="true" json-enabled="true"/>
		<column name="title" type="String" />
		<column name="description" type="String" />
		<column name="createdBy" type="long" />
		<column name="createDate" type="Date" />
		<column name="modifiedDate" type="Date" />
        <finder name="ArticleLike" return-type="Collection">
            <finder-column name="title" comparator="LIKE"></finder-column>
            <finder-column name="description" comparator="LIKE"></finder-column>
        </finder>
	</entity>
    <entity name="Query_Transaction" remote-service="false" local-service="true" cache-enabled="false" json-enabled="false">
        <column name="queryId" type="long" primary="true" convert-null="true" lazy="true" json-enabled="true"></column>
        <column name="caseNo" type="String"></column>
        <column name="description" type="String"></column>
        <column name="raisedTimestamp" type="Date"></column>
        <column name="raisedById" type="long"></column>
        <column name="toDisplay" type="int"></column>
        <column name="orn_no" type="String"></column>
        <column name="caf_no" type="String"></column>
        <column name="customer_MSISDN" type="String"></column>
        <column name="amt_request" type="long"></column>
        <column name="amt_done" type="long"></column>
        <column name="raised_by_email" type="String"></column>
        <column name="pcId" type="String"></column>
        <column name="ack" type="int"></column>
        <column name="source" type="String"></column>
        <column name="ack_timestamp" type="Date"></column>
        <column name="assignment_group" type="String"></column>
        <column name="ISACTIVE" type="int"></column>
        <finder name="RaisedById" return-type="Collection">
            <finder-column name="raisedById" comparator="="></finder-column>
        </finder>
        <finder name="PCId" return-type="Collection">
            <finder-column name="pcId"></finder-column>
        </finder>
    </entity>
    <entity name="Query_Details" local-service="true" remote-service="false" cache-enabled="false" json-enabled="false">
        <column name="queryDetailsId" type="long" primary="true"></column>
        <column name="queryId" type="long"></column>
        <column name="updatedTimestamp" type="Date"></column>
        <column name="updatedBy" type="long"></column>
        <column name="assignedTo" type="long"></column>
        <column name="action" type="String"></column>
        <column name="status" type="String"></column>
        <column name="state" type="String"></column>
        <column name="region" type="String"></column>
        <column name="oc" type="String"></column>
        <!-- <column name="queueName" type="String"></column> -->
        <column name="queueLevel" type="int"></column>
        <column name="comment" type="String"></column>
        <column name="category" type="long"></column>
        <column name="subCategory" type="long"></column>
        <column name="caseResolution" type="long"></column>
        <column name="is_closed" type="int"></column>
        <column name="closed_date" type="Date"></column>
        <order by="asc">
            <order-column name="updatedTimestamp" order-by="asc"></order-column>
        </order>
        <finder name="QueryId" return-type="Collection">
            <finder-column name="queryId"></finder-column>
        </finder>
    </entity>
    <entity name="Emp_User_Mapping" remote-service="false" local-service="true" cache-enabled="false" json-enabled="false">
        <column name="userId" primary="true" type="long"></column>
        <column name="empId" type="String"></column>
        <column name="emailId" type="String"></column>
        <column name="domainId" type="String"></column>
        <column name="samlFederationId" type="String"></column>
        <column name="status" type="int"></column>
        <finder name="EmpId" return-type="Collection">
            <finder-column name="empId"></finder-column>
        </finder>
        <finder name="EmailId" return-type="Collection">
            <finder-column name="emailId" case-sensitive="false"></finder-column>
        </finder>
    </entity>
    <entity name="EMP_DETAILS" remote-service="false" local-service="true" cache-enabled="false" json-enabled="false">
        <column name="EMP_ID" type="String" primary="true"></column>
        <column name="AREA" type="String"></column>
        <column name="CADRE" type="String"></column>
        <column name="CLIENT_ID" type="String"></column>
        <column name="COMPANY_CODE" type="String"></column>
        <column name="COMPANY_TEXT" type="String"></column>
        <column name="DATE_OF_BIRTH" type="Date"></column>
        <column name="DATE_OF_JOINING" type="Date"></column>
        <column name="DATE_OF_LEAVE" type="Date"></column>
        <column name="DEPARTMENT" type="String"></column>
        <column name="DESIGNATION_CODE" type="String"></column>
        <column name="DESIGNATION_TEXT" type="String"></column>
        <column name="EMAIL" type="String"></column>
        <column name="EMP_GROUP" type="String"></column>
        <column name="EMPLOYEE_DOMAIN_ID" type="String"></column>
        <column name="EMPLOYMENT_STATUS" type="String"></column>
        <column name="EMPLOYMENT_STATUS_TEXT" type="String"></column>
        <column name="FIRST_NAME" type="String"></column>
        <column name="FULL_NAME" type="String"></column>
        <column name="GENDER_TEXT" type="String"></column>
        <column name="HR_EMAIL" type="String"></column>
        <column name="HR_EMP_CD" type="String"></column>
        <column name="HR_HEAD_EMPCD" type="String"></column>
        <column name="HR_HEAD_NAME" type="String"></column>
        <column name="HR_NAME" type="String"></column>
        <column name="JIO_CENTER" type="String"></column>
        <column name="JIO_ID" type="String"></column>
        <column name="JO_REGION" type="String"></column>
        <column name="JO_TYPE" type="String"></column>
        <column name="JOB" type="String"></column>
        <column name="JOB_ROLE_CODE" type="String"></column>
        <column name="L1_EMAIL_ID" type="String"></column>
        <column name="L1_EMPLOYEE_CODE" type="String"></column>
        <column name="L1_NAME" type="String"></column>
        <column name="LAST_NAME" type="String"></column>
        <column name="LOCATION_CITY" type="String"></column>
        <column name="LOCATION_CODE" type="String"></column>
        <column name="LOCATION_COUNTRY" type="String"></column>
        <column name="LOCATION_STATE" type="String"></column>
        <column name="LOCATION_TEXT" type="String"></column>
        <column name="MOBILE_NO" type="String"></column>
        <column name="OFFICE_NO" type="String"></column>
        <column name="ORG_UNIT" type="String"></column>
        <column name="ORG_UNIT_TEXT" type="String"></column>
        <column name="PERSONNEL_AREA_CODE" type="String"></column>
        <column name="R4G_STATE" type="String"></column>
        <column name="SAML_FEDERATION_ID" type="String"></column>
        <column name="STORE_CODE" type="String"></column>
        <column name="SUB_FUNCTIONAL_AREA" type="String"></column>
        <column name="TITLE" type="String"></column>
        <column name="IS_RESOLVER" type="int"></column>
        <column name="RESOLVER_LEVEL" type="int"></column>
        <column name="PERSONAL_AREA_TEXT" type="String"></column>
        <column name="FUNCTIONAL_AREA" type="String"></column>
        <column name="RESOLVER_STATUS" type="int"></column>
        <finder name="EMP_ID" return-type="Collection">
            <finder-column name="EMP_ID"></finder-column>
        </finder>
        <finder name="DATE_OF_JOINING" return-type="Collection">
            <finder-column name="DATE_OF_JOINING"></finder-column>
        </finder>
    </entity>
    <entity name="RESOLVER_DEFAULTS" remote-service="false" local-service="true" cache-enabled="false" json-enabled="false">
        <column name="DEFAULT_ID" type="long" primary="true" convert-null="true" lazy="true" json-enabled="true"></column>
        <column name="RESOLVER_LEVEL_ID" type="long"></column>
        <column name="TYPE" type="String"></column>
        <column name="VALUE" type="String"></column>
        <column name="TO_DISPLAY" type="int"></column>
        <finder name="TypeValue" return-type="Collection">
            <finder-column name="TYPE" case-sensitive="false"></finder-column>
            <finder-column name="VALUE" case-sensitive="false"></finder-column>
        </finder>
    </entity>
    <entity name="RESOLVER_LEVEL_MST" remote-service="false" local-service="true" cache-enabled="false" json-enabled="false">
        <column name="LEVEL_ID" type="long" primary="true" convert-null="true" lazy="true" json-enabled="true"></column>
        <column name="LEVEL_NAME" type="String"></column>
        <column name="RESOLVER_LEVEL" type="int"></column>
    </entity>
    <entity name="Query_Resolution" local-service="true" remote-service="false" cache-enabled="false" json-enabled="false"></entity>
    <entity name="Query_Attachments" local-service="true" remote-service="false" cache-enabled="false" json-enabled="false">
        <column name="AttachmentId" type="long" primary="true"></column>
        <column name="fileEntryId" type="long"></column>
        <column name="updatedBy" type="long"></column>
        <column name="updatedTimestamp" type="Date"></column>
        <column name="queryId" type="long"></column>
        <column name="file_name" type="String"></column>
        <finder name="QueryId" return-type="Collection">
            <finder-column name="queryId"></finder-column>
        </finder>
        <finder name="QueryByQueryIdAndFileEntryId" return-type="Query_Attachments">
            <finder-column name="queryId"></finder-column>
            <finder-column name="fileEntryId"></finder-column>
        </finder>
    </entity>
    <entity name="OC_JOB_FUNCTION_MST" local-service="true" remote-service="false" cache-enabled="false" json-enabled="false">
        <column name="OC_JOB_FUNCTION_ID" type="long" primary="true"></column>
        <column name="FUNCTIONAL_AREA" type="String"></column>
        <column name="JOB" type="String"></column>
        <column name="OC" type="String"></column>
        <column name="SUB_FUNCTIONAL_AREA" type="String"></column>
        <finder name="AreaJobFunction" return-type="Collection">
            <finder-column name="FUNCTIONAL_AREA"></finder-column>
            <finder-column name="JOB"></finder-column>
            <finder-column name="SUB_FUNCTIONAL_AREA"></finder-column>
        </finder>
    </entity>
    <entity name="Query_Add_Param_OC" local-service="true" remote-service="false">
        <column name="queryAddParamOCId" type="long" primary="true"></column>
        <column name="OC" type="String"></column>
        <column name="status" type="int"></column>
        <column name="updatedTimestamp" type="Date"></column>
    </entity>
    <entity name="Setup" cache-enabled="false" json-enabled="false" local-service="true" remote-service="false">
        <column name="setup_id" type="long" primary="true"></column>
        <column name="key" type="String"></column>
        <column name="val1" type="String"></column>
        <column name="val2" type="String"></column>
        <column name="status" type="int"></column>
        <column name="updated_timestamp" type="Date"></column>
        <finder name="key" return-type="Collection">
            <finder-column name="key"></finder-column>
            <finder-column name="status"></finder-column>
        </finder>
    </entity>
    <entity name="OC_CAT_MST" local-service="true" remote-service="false" cache-enabled="false" json-enabled="false">
        <column name="CAT_ID" type="long" primary="true"></column>
        <column name="CAT_NAME" type="String"></column>
        <column name="HPSM_GROUP" type="String"></column>
        <column name="IS_ACTIVE" type="int"></column>
        <column name="OC" type="String"></column>
        <column name="RESOLVER_LEVEL" type="int"></column>
        <column name="UPDATED_TIMESTAMP" type="Date"></column>
    </entity>
    <entity name="OC_SUB_CAT_MST" local-service="true" remote-service="false" cache-enabled="false" json-enabled="false">
        <column name="SUB_CAT_ID" type="long" primary="true"></column>
        <column name="CAT_ID" type="long"></column>
        <column name="IS_ACTIVE" type="int"></column>
        <column name="SUB_CAT_NAME" type="String"></column>
        <column name="UPDATED_TIMESTAMP" type="Date"></column>
    </entity>
    <entity name="CASE_RES_MST" local-service="true" remote-service="false" cache-enabled="false" json-enabled="false">
        <column name="CASE_RES_ID" type="long" primary="true"></column>
        <column name="CASE_RES_NAME" type="String"></column>
        <column name="IS_ACTIVE" type="int"></column>
        <column name="OC" type="String"></column>
        <column name="UPDATED_TIMESTAMP" type="Date"></column>
    </entity>
    <entity name="QUERY_MOD_DEFAULTS" remote-service="false" local-service="true" cache-enabled="false" json-enabled="false">
        <column name="QUERY_MOD_DEFAULTS_ID" type="int" primary="true"></column>
        <column name="CURR_VAL" type="String"></column>
        <column name="NEW_VAL" type="String"></column>
        <column name="IS_ACTIVE" type="int"></column>
        <column name="UPDATED_TIMESTAMP" type="Date"></column>
        <column name="TYPE" type="String"></column>
        <column name="CURR_LEVEL" type="int"></column>
        <finder name="CurrType" return-type="Collection">
            <finder-column name="TYPE"></finder-column>
            <finder-column name="CURR_VAL"></finder-column>
            <finder-column name="IS_ACTIVE"></finder-column>
            <finder-column name="CURR_LEVEL"></finder-column>
        </finder>
    </entity>
</service-builder>